timestamp, index, memory.used [MiB], memory.total [MiB], utilization.gpu [%], power.draw [W], temperature.gpu
2026/06/28 21:55:18.491, 0, 88855, 97887, 0, 152.72, 45
2026/06/28 21:55:18.495, 1, 16278, 97887, 0, 126.01, 39
2026/06/28 21:55:18.999, 0, 88855, 97887, 0, 88.89, 45
2026/06/28 21:55:18.999, 1, 16278, 97887, 0, 118.38, 39
2026/06/28 21:55:19.499, 0, 88855, 97887, 0, 88.89, 45
2026/06/28 21:55:19.499, 1, 16278, 97887, 0, 101.16, 39
2026/06/28 21:55:19.999, 0, 88855, 97887, 99, 134.75, 48
2026/06/28 21:55:19.999, 1, 16278, 97887, 0, 101.16, 39
2026/06/28 21:55:20.499, 0, 88855, 97887, 99, 163.27, 48
2026/06/28 21:55:20.499, 1, 16278, 97887, 0, 93.39, 39
2026/06/28 21:55:20.999, 0, 88855, 97887, 100, 243.84, 49
2026/06/28 21:55:21.000, 1, 16278, 97887, 0, 93.39, 39
2026/06/28 21:55:21.500, 0, 88855, 97887, 100, 257.82, 49
2026/06/28 21:55:21.500, 1, 16278, 97887, 0, 93.16, 39
2026/06/28 21:55:22.000, 0, 88855, 97887, 100, 259.88, 49
2026/06/28 21:55:22.000, 1, 16278, 97887, 0, 93.16, 39
2026/06/28 21:55:22.500, 0, 88855, 97887, 100, 260.04, 49
2026/06/28 21:55:22.500, 1, 16278, 97887, 0, 93.71, 39
2026/06/28 21:55:23.000, 0, 88855, 97887, 99, 259.73, 49
2026/06/28 21:55:23.000, 1, 16278, 97887, 0, 93.71, 39
2026/06/28 21:55:23.500, 0, 88855, 97887, 100, 259.20, 49
2026/06/28 21:55:23.500, 1, 16278, 97887, 0, 93.53, 39
2026/06/28 21:55:24.001, 0, 88855, 97887, 100, 260.29, 49
2026/06/28 21:55:24.001, 1, 16278, 97887, 0, 93.53, 39
2026/06/28 21:55:24.501, 0, 88855, 97887, 100, 258.40, 49
2026/06/28 21:55:24.501, 1, 16278, 97887, 0, 93.59, 39
2026/06/28 21:55:25.001, 0, 88855, 97887, 0, 228.41, 47
2026/06/28 21:55:25.001, 1, 16278, 97887, 26, 93.36, 40
2026/06/28 21:55:25.502, 0, 88855, 97887, 93, 190.32, 50
2026/06/28 21:55:25.502, 1, 16280, 97887, 0, 94.64, 40
2026/06/28 21:55:26.002, 0, 88855, 97887, 100, 235.92, 51
2026/06/28 21:55:26.002, 1, 16280, 97887, 0, 95.74, 40
2026/06/28 21:55:26.502, 0, 88855, 97887, 99, 296.61, 51
2026/06/28 21:55:26.502, 1, 16280, 97887, 0, 95.71, 40
2026/06/28 21:55:27.002, 0, 88855, 97887, 100, 301.12, 51
2026/06/28 21:55:27.002, 1, 16290, 97887, 43, 125.51, 43
2026/06/28 21:55:27.503, 0, 88855, 97887, 100, 303.88, 51
2026/06/28 21:55:27.503, 1, 16290, 97887, 0, 117.91, 40
2026/06/28 21:55:28.003, 0, 88855, 97887, 100, 293.42, 51
2026/06/28 21:55:28.003, 1, 16290, 97887, 0, 106.27, 40
2026/06/28 21:55:28.503, 0, 88855, 97887, 100, 287.82, 51
2026/06/28 21:55:28.503, 1, 16290, 97887, 0, 95.76, 40
2026/06/28 21:55:29.003, 0, 88855, 97887, 100, 287.45, 51
2026/06/28 21:55:29.003, 1, 16290, 97887, 0, 95.19, 40
2026/06/28 21:55:29.503, 0, 88855, 97887, 100, 289.65, 52
2026/06/28 21:55:29.504, 1, 16290, 97887, 19, 114.53, 41
2026/06/28 21:55:30.004, 0, 88855, 97887, 100, 290.69, 52
2026/06/28 21:55:30.004, 1, 16290, 97887, 0, 119.34, 40
2026/06/28 21:55:30.504, 0, 88855, 97887, 100, 287.45, 52
2026/06/28 21:55:30.504, 1, 16294, 97887, 67, 142.05, 44
2026/06/28 21:55:31.004, 0, 88855, 97887, 100, 285.06, 52
2026/06/28 21:55:31.004, 1, 16294, 97887, 0, 165.85, 41
2026/06/28 21:55:31.504, 0, 88855, 97887, 100, 284.28, 52
2026/06/28 21:55:31.504, 1, 16294, 97887, 0, 130.40, 40
2026/06/28 21:55:32.004, 0, 88855, 97887, 100, 285.70, 52
2026/06/28 21:55:32.004, 1, 16294, 97887, 0, 95.08, 40
2026/06/28 21:55:32.504, 0, 88855, 97887, 100, 286.57, 52
2026/06/28 21:55:32.504, 1, 16294, 97887, 0, 95.08, 40
2026/06/28 21:55:33.005, 0, 88855, 97887, 100, 286.73, 52
2026/06/28 21:55:33.005, 1, 16294, 97887, 0, 93.96, 40
2026/06/28 21:55:33.505, 0, 88855, 97887, 100, 300.04, 53
2026/06/28 21:55:33.505, 1, 16294, 97887, 12, 127.45, 41
2026/06/28 21:55:34.005, 0, 88855, 97887, 100, 319.79, 53
2026/06/28 21:55:34.005, 1, 16294, 97887, 0, 163.09, 41
2026/06/28 21:55:34.505, 0, 88855, 97887, 100, 323.24, 53
2026/06/28 21:55:34.505, 1, 16294, 97887, 0, 124.15, 40
2026/06/28 21:55:35.005, 0, 88855, 97887, 100, 321.69, 53
2026/06/28 21:55:35.005, 1, 16294, 97887, 27, 131.13, 42
2026/06/28 21:55:35.506, 0, 88855, 97887, 100, 317.45, 53
2026/06/28 21:55:35.506, 1, 16294, 97887, 62, 188.93, 44
2026/06/28 21:55:36.006, 0, 88855, 97887, 100, 311.35, 53
2026/06/28 21:55:36.006, 1, 16294, 97887, 0, 209.35, 42
2026/06/28 21:55:36.506, 0, 88855, 97887, 100, 306.39, 53
2026/06/28 21:55:36.506, 1, 16294, 97887, 0, 200.72, 42
2026/06/28 21:55:37.006, 0, 88855, 97887, 100, 303.52, 53
2026/06/28 21:55:37.006, 1, 16296, 97887, 7, 147.28, 41
2026/06/28 21:55:37.506, 0, 88855, 97887, 100, 286.36, 52
2026/06/28 21:55:37.507, 1, 16296, 97887, 64, 192.28, 46
2026/06/28 21:55:38.007, 0, 88855, 97887, 0, 189.37, 49
2026/06/28 21:55:38.007, 1, 16296, 97887, 63, 250.95, 45
2026/06/28 21:55:38.507, 0, 88855, 97887, 100, 188.66, 54
2026/06/28 21:55:38.507, 1, 16296, 97887, 0, 169.17, 42
2026/06/28 21:55:39.007, 0, 88855, 97887, 100, 307.94, 55
2026/06/28 21:55:39.007, 1, 16296, 97887, 0, 111.62, 41
2026/06/28 21:55:39.507, 0, 88855, 97887, 100, 326.56, 54
2026/06/28 21:55:39.508, 1, 16296, 97887, 0, 105.84, 41
2026/06/28 21:55:40.009, 0, 88855, 97887, 100, 319.89, 54
2026/06/28 21:55:40.009, 1, 16296, 97887, 15, 112.27, 42
2026/06/28 21:55:40.509, 0, 88855, 97887, 100, 311.92, 54
2026/06/28 21:55:40.509, 1, 16296, 97887, 17, 131.00, 42
2026/06/28 21:55:41.009, 0, 88855, 97887, 100, 313.56, 54
2026/06/28 21:55:41.009, 1, 16296, 97887, 15, 148.55, 42
2026/06/28 21:55:41.509, 0, 88855, 97887, 100, 322.66, 55
2026/06/28 21:55:41.510, 1, 16296, 97887, 0, 116.88, 41
2026/06/28 21:55:42.010, 0, 88855, 97887, 100, 332.23, 55
2026/06/28 21:55:42.010, 1, 16296, 97887, 0, 99.30, 41
2026/06/28 21:55:42.510, 0, 88855, 97887, 100, 331.13, 55
2026/06/28 21:55:42.510, 1, 16296, 97887, 0, 96.78, 41
2026/06/28 21:55:43.010, 0, 88855, 97887, 100, 331.10, 55
2026/06/28 21:55:43.010, 1, 16296, 97887, 0, 96.78, 41
2026/06/28 21:55:43.510, 0, 88855, 97887, 100, 327.46, 55
2026/06/28 21:55:43.510, 1, 16296, 97887, 74, 118.05, 42
2026/06/28 21:55:44.010, 0, 88855, 97887, 100, 327.39, 55
2026/06/28 21:55:44.011, 1, 16296, 97887, 71, 139.43, 45
2026/06/28 21:55:44.511, 0, 88855, 97887, 100, 331.65, 55
2026/06/28 21:55:44.511, 1, 16296, 97887, 0, 142.53, 41
2026/06/28 21:55:45.011, 0, 88855, 97887, 100, 329.17, 55
2026/06/28 21:55:45.011, 1, 16296, 97887, 71, 160.58, 46
2026/06/28 21:55:45.511, 0, 88855, 97887, 100, 323.93, 55
2026/06/28 21:55:45.511, 1, 16296, 97887, 9, 171.95, 43
2026/06/28 21:55:46.012, 0, 88855, 97887, 100, 319.54, 55
2026/06/28 21:55:46.012, 1, 16296, 97887, 0, 114.87, 42
2026/06/28 21:55:46.512, 0, 88855, 97887, 100, 319.89, 55
2026/06/28 21:55:46.512, 1, 16296, 97887, 0, 102.75, 41
2026/06/28 21:55:47.012, 0, 88855, 97887, 100, 318.55, 55
2026/06/28 21:55:47.012, 1, 16296, 97887, 20, 140.71, 42
2026/06/28 21:55:47.512, 0, 88855, 97887, 100, 318.15, 55
2026/06/28 21:55:47.512, 1, 16296, 97887, 0, 136.75, 41
2026/06/28 21:55:48.012, 0, 88855, 97887, 100, 318.19, 55
2026/06/28 21:55:48.013, 1, 16296, 97887, 1, 105.87, 41
2026/06/28 21:55:48.513, 0, 88855, 97887, 100, 314.77, 55
2026/06/28 21:55:48.513, 1, 16296, 97887, 0, 147.77, 42
2026/06/28 21:55:49.013, 0, 88855, 97887, 100, 310.73, 55
2026/06/28 21:55:49.013, 1, 16296, 97887, 49, 159.35, 45
2026/06/28 21:55:49.513, 0, 88855, 97887, 100, 306.02, 55
2026/06/28 21:55:49.513, 1, 16296, 97887, 0, 135.23, 43
2026/06/28 21:55:50.013, 0, 88855, 97887, 100, 302.90, 55
2026/06/28 21:55:50.014, 1, 16296, 97887, 29, 165.69, 43
2026/06/28 21:55:50.514, 0, 88855, 97887, 100, 303.47, 55
2026/06/28 21:55:50.514, 1, 16296, 97887, 0, 157.15, 42
2026/06/28 21:55:51.014, 0, 88855, 97887, 100, 300.35, 55
2026/06/28 21:55:51.014, 1, 16296, 97887, 28, 181.40, 44
2026/06/28 21:55:51.514, 0, 88855, 97887, 100, 294.50, 55
2026/06/28 21:55:51.514, 1, 16296, 97887, 0, 189.96, 44
2026/06/28 21:55:52.014, 0, 88855, 97887, 100, 292.86, 55
2026/06/28 21:55:52.015, 1, 16296, 97887, 59, 185.09, 45
2026/06/28 21:55:52.515, 0, 88855, 97887, 100, 293.57, 54
2026/06/28 21:55:52.515, 1, 16296, 97887, 70, 217.08, 45
2026/06/28 21:55:53.015, 0, 88855, 97887, 100, 291.76, 55
2026/06/28 21:55:53.015, 1, 16296, 97887, 41, 200.23, 44
2026/06/28 21:55:53.515, 0, 88855, 97887, 100, 296.71, 55
2026/06/28 21:55:53.515, 1, 16296, 97887, 0, 173.65, 47
2026/06/28 21:55:54.015, 0, 88855, 97887, 100, 307.58, 55
2026/06/28 21:55:54.015, 1, 16296, 97887, 78, 230.13, 48
2026/06/28 21:55:54.516, 0, 88855, 97887, 100, 276.64, 52
2026/06/28 21:55:54.516, 1, 16296, 97887, 48, 294.40, 47
2026/06/28 21:55:55.016, 0, 88855, 97887, 0, 166.99, 50
2026/06/28 21:55:55.016, 1, 16296, 97887, 78, 245.51, 50
2026/06/28 21:55:55.516, 0, 88855, 97887, 0, 107.62, 50
2026/06/28 21:55:55.516, 1, 16296, 97887, 58, 226.67, 45
2026/06/28 21:55:56.016, 0, 88855, 97887, 88, 173.12, 56
2026/06/28 21:55:56.016, 1, 16296, 97887, 0, 163.36, 43
2026/06/28 21:55:56.516, 0, 88855, 97887, 90, 283.83, 56
2026/06/28 21:55:56.516, 1, 16296, 97887, 0, 109.07, 43
2026/06/28 21:55:57.017, 0, 88855, 97887, 89, 338.40, 56
2026/06/28 21:55:57.017, 1, 16296, 97887, 0, 109.07, 43
2026/06/28 21:55:57.517, 0, 88855, 97887, 89, 337.73, 56
2026/06/28 21:55:57.517, 1, 16296, 97887, 0, 95.68, 42
2026/06/28 21:55:58.017, 0, 88855, 97887, 99, 326.74, 55
2026/06/28 21:55:58.017, 1, 16296, 97887, 26, 102.95, 45
2026/06/28 21:55:58.517, 0, 88855, 97887, 100, 310.32, 55
2026/06/28 21:55:58.517, 1, 16296, 97887, 1, 111.05, 43
2026/06/28 21:55:59.017, 0, 88855, 97887, 100, 318.15, 56
2026/06/28 21:55:59.017, 1, 16296, 97887, 40, 120.28, 44
2026/06/28 21:55:59.518, 0, 88855, 97887, 100, 334.01, 56
2026/06/28 21:55:59.518, 1, 16296, 97887, 40, 113.83, 43
2026/06/28 21:56:00.018, 0, 88855, 97887, 100, 336.40, 56
2026/06/28 21:56:00.018, 1, 16296, 97887, 37, 117.92, 45
2026/06/28 21:56:00.518, 0, 88855, 97887, 100, 342.61, 57
2026/06/28 21:56:00.518, 1, 16296, 97887, 3, 118.73, 44
2026/06/28 21:56:01.018, 0, 88855, 97887, 100, 346.23, 57
2026/06/28 21:56:01.018, 1, 16296, 97887, 0, 138.02, 43
2026/06/28 21:56:01.519, 0, 88855, 97887, 100, 357.95, 57
2026/06/28 21:56:01.519, 1, 16296, 97887, 30, 139.30, 43
2026/06/28 21:56:02.019, 0, 88855, 97887, 100, 375.70, 58
2026/06/28 21:56:02.019, 1, 16296, 97887, 52, 161.46, 45
2026/06/28 21:56:02.519, 0, 88855, 97887, 100, 383.41, 58
2026/06/28 21:56:02.519, 1, 16296, 97887, 0, 158.31, 46
2026/06/28 21:56:03.019, 0, 88855, 97887, 100, 387.30, 58
2026/06/28 21:56:03.019, 1, 16296, 97887, 55, 145.41, 46
2026/06/28 21:56:03.519, 0, 88855, 97887, 100, 383.62, 58
2026/06/28 21:56:03.519, 1, 16296, 97887, 70, 200.33, 47
2026/06/28 21:56:04.020, 0, 88855, 97887, 100, 377.83, 58
2026/06/28 21:56:04.020, 1, 16296, 97887, 32, 187.01, 44
2026/06/28 21:56:04.520, 0, 88855, 97887, 100, 373.06, 58
2026/06/28 21:56:04.520, 1, 16296, 97887, 40, 162.68, 47
2026/06/28 21:56:05.020, 0, 88855, 97887, 100, 368.86, 58
2026/06/28 21:56:05.020, 1, 16296, 97887, 63, 149.13, 45
2026/06/28 21:56:05.520, 0, 88855, 97887, 100, 366.80, 58
2026/06/28 21:56:05.520, 1, 16296, 97887, 0, 148.62, 43
2026/06/28 21:56:06.020, 0, 88855, 97887, 100, 366.29, 58
2026/06/28 21:56:06.021, 1, 16296, 97887, 0, 153.99, 43
2026/06/28 21:56:06.521, 0, 88855, 97887, 100, 363.31, 58
2026/06/28 21:56:06.521, 1, 16296, 97887, 28, 162.84, 44
2026/06/28 21:56:07.021, 0, 88855, 97887, 100, 363.74, 58
2026/06/28 21:56:07.021, 1, 16296, 97887, 41, 176.25, 45
2026/06/28 21:56:07.521, 0, 88855, 97887, 100, 369.03, 58
2026/06/28 21:56:07.521, 1, 16296, 97887, 9, 161.43, 47
2026/06/28 21:56:08.021, 0, 88855, 97887, 100, 368.68, 59
2026/06/28 21:56:08.021, 1, 16296, 97887, 0, 145.07, 43
2026/06/28 21:56:08.522, 0, 88855, 97887, 100, 364.29, 58
2026/06/28 21:56:08.522, 1, 16296, 97887, 34, 138.70, 45
2026/06/28 21:56:09.022, 0, 88855, 97887, 100, 359.02, 58
2026/06/28 21:56:09.022, 1, 16296, 97887, 28, 147.65, 46
2026/06/28 21:56:09.522, 0, 88855, 97887, 100, 354.04, 58
2026/06/28 21:56:09.522, 1, 16296, 97887, 0, 119.67, 43
2026/06/28 21:56:10.022, 0, 88855, 97887, 100, 352.98, 58
2026/06/28 21:56:10.022, 1, 16296, 97887, 0, 151.87, 43
2026/06/28 21:56:10.522, 0, 88855, 97887, 100, 353.21, 58
2026/06/28 21:56:10.523, 1, 16296, 97887, 0, 160.37, 43
2026/06/28 21:56:11.023, 0, 88855, 97887, 100, 352.18, 58
2026/06/28 21:56:11.023, 1, 16296, 97887, 80, 178.83, 46
2026/06/28 21:56:11.523, 0, 88855, 97887, 100, 348.85, 58
2026/06/28 21:56:11.523, 1, 16296, 97887, 0, 187.67, 43
2026/06/28 21:56:12.023, 0, 88855, 97887, 100, 345.52, 58
2026/06/28 21:56:12.023, 1, 16296, 97887, 0, 158.62, 43
2026/06/28 21:56:12.523, 0, 88855, 97887, 100, 342.14, 57
2026/06/28 21:56:12.524, 1, 16296, 97887, 72, 147.54, 45
2026/06/28 21:56:13.024, 0, 88855, 97887, 100, 340.64, 57
2026/06/28 21:56:13.024, 1, 16296, 97887, 0, 146.63, 43
2026/06/28 21:56:13.524, 0, 88855, 97887, 100, 338.68, 57
2026/06/28 21:56:13.524, 1, 16296, 97887, 0, 121.73, 43
2026/06/28 21:56:14.024, 0, 88855, 97887, 100, 336.09, 57
2026/06/28 21:56:14.024, 1, 16296, 97887, 72, 147.01, 47
2026/06/28 21:56:14.524, 0, 88855, 97887, 100, 333.21, 57
2026/06/28 21:56:14.524, 1, 16296, 97887, 75, 216.76, 47
2026/06/28 21:56:15.025, 0, 88855, 97887, 100, 329.66, 57
2026/06/28 21:56:15.025, 1, 16296, 97887, 73, 253.27, 46
2026/06/28 21:56:15.525, 0, 88855, 97887, 100, 315.26, 56
2026/06/28 21:56:15.525, 1, 16296, 97887, 76, 272.51, 47
2026/06/28 21:56:16.025, 0, 88855, 97887, 100, 299.71, 56
2026/06/28 21:56:16.025, 1, 16296, 97887, 60, 265.66, 47
2026/06/28 21:56:16.525, 0, 88855, 97887, 100, 293.99, 56
2026/06/28 21:56:16.525, 1, 16296, 97887, 78, 276.32, 49
2026/06/28 21:56:17.025, 0, 88855, 97887, 100, 301.23, 57
2026/06/28 21:56:17.026, 1, 16296, 97887, 82, 315.02, 47
2026/06/28 21:56:17.526, 0, 88855, 97887, 100, 303.89, 55
2026/06/28 21:56:17.526, 1, 16296, 97887, 66, 284.59, 47
2026/06/28 21:56:18.026, 0, 88855, 97887, 0, 224.46, 52
2026/06/28 21:56:18.026, 1, 16296, 97887, 62, 274.25, 48
2026/06/28 21:56:18.526, 0, 88855, 97887, 0, 124.13, 51
2026/06/28 21:56:18.526, 1, 16296, 97887, 73, 289.14, 49
2026/06/28 21:56:19.026, 0, 88855, 97887, 0, 95.01, 51
2026/06/28 21:56:19.026, 1, 16296, 97887, 71, 287.17, 50
2026/06/28 21:56:19.526, 0, 88855, 97887, 0, 95.01, 51
2026/06/28 21:56:19.526, 1, 16296, 97887, 71, 255.63, 49
2026/06/28 21:56:20.026, 0, 88855, 97887, 0, 91.69, 50
2026/06/28 21:56:20.027, 1, 16296, 97887, 73, 279.75, 51
2026/06/28 21:56:20.527, 0, 88855, 97887, 0, 91.69, 50
2026/06/28 21:56:20.527, 1, 16296, 97887, 66, 284.62, 52
2026/06/28 21:56:21.027, 0, 88855, 97887, 86, 113.01, 55
2026/06/28 21:56:21.027, 1, 16296, 97887, 0, 199.34, 45
2026/06/28 21:56:21.527, 0, 88855, 97887, 88, 169.90, 56
2026/06/28 21:56:21.527, 1, 16296, 97887, 0, 114.74, 44
2026/06/28 21:56:22.027, 0, 88855, 97887, 87, 334.91, 57
2026/06/28 21:56:22.027, 1, 16296, 97887, 0, 114.74, 44
2026/06/28 21:56:22.527, 0, 88855, 97887, 90, 337.72, 57
2026/06/28 21:56:22.527, 1, 16296, 97887, 0, 96.54, 44
2026/06/28 21:56:23.028, 0, 88855, 97887, 93, 325.92, 56
2026/06/28 21:56:23.028, 1, 16296, 97887, 0, 100.53, 44
2026/06/28 21:56:23.528, 0, 88855, 97887, 99, 321.72, 55
2026/06/28 21:56:23.528, 1, 16296, 97887, 1, 103.74, 44
2026/06/28 21:56:24.028, 0, 88855, 97887, 100, 323.50, 56
2026/06/28 21:56:24.028, 1, 16296, 97887, 25, 100.88, 44
2026/06/28 21:56:24.528, 0, 88855, 97887, 100, 326.33, 56
2026/06/28 21:56:24.528, 1, 16296, 97887, 10, 105.51, 44
2026/06/28 21:56:25.029, 0, 88855, 97887, 100, 330.49, 56
2026/06/28 21:56:25.029, 1, 16296, 97887, 20, 118.80, 44
2026/06/28 21:56:25.529, 0, 88855, 97887, 100, 337.30, 57
2026/06/28 21:56:25.529, 1, 16296, 97887, 26, 114.92, 45
2026/06/28 21:56:26.029, 0, 88855, 97887, 90, 340.95, 56
2026/06/28 21:56:26.029, 1, 16296, 97887, 26, 112.05, 44
2026/06/28 21:56:26.529, 0, 88855, 97887, 88, 341.19, 56
2026/06/28 21:56:26.529, 1, 16296, 97887, 0, 110.66, 44
2026/06/28 21:56:27.029, 0, 88855, 97887, 90, 344.38, 56
2026/06/28 21:56:27.029, 1, 16296, 97887, 25, 127.25, 43
2026/06/28 21:56:27.529, 0, 88855, 97887, 85, 340.29, 58
2026/06/28 21:56:27.530, 1, 16296, 97887, 2, 112.80, 43
2026/06/28 21:56:28.030, 0, 88855, 97887, 100, 352.03, 58
2026/06/28 21:56:28.030, 1, 16296, 97887, 45, 118.41, 44
2026/06/28 21:56:28.530, 0, 88855, 97887, 89, 361.52, 57
2026/06/28 21:56:28.530, 1, 16296, 97887, 64, 174.18, 48
2026/06/28 21:56:29.030, 0, 88855, 97887, 90, 353.13, 58
2026/06/28 21:56:29.030, 1, 16296, 97887, 5, 198.76, 47
2026/06/28 21:56:29.530, 0, 88855, 97887, 88, 350.85, 58
2026/06/28 21:56:29.530, 1, 16296, 97887, 71, 224.70, 48
2026/06/28 21:56:30.030, 0, 88855, 97887, 92, 354.43, 58
2026/06/28 21:56:30.031, 1, 16296, 97887, 29, 229.75, 46
2026/06/28 21:56:30.531, 0, 88855, 97887, 88, 353.01, 57
2026/06/28 21:56:30.531, 1, 16296, 97887, 0, 153.71, 44
2026/06/28 21:56:31.031, 0, 88855, 97887, 87, 352.89, 58
2026/06/28 21:56:31.031, 1, 16296, 97887, 23, 153.41, 46
2026/06/28 21:56:31.531, 0, 88855, 97887, 91, 354.61, 58
2026/06/28 21:56:31.531, 1, 16296, 97887, 33, 152.35, 46
2026/06/28 21:56:32.031, 0, 88855, 97887, 87, 350.29, 58
2026/06/28 21:56:32.031, 1, 16296, 97887, 0, 120.53, 44
2026/06/28 21:56:32.531, 0, 88855, 97887, 91, 349.00, 58
2026/06/28 21:56:32.532, 1, 16296, 97887, 0, 120.16, 44
2026/06/28 21:56:33.032, 0, 88855, 97887, 90, 356.12, 58
2026/06/28 21:56:33.032, 1, 16296, 97887, 1, 110.45, 43
2026/06/28 21:56:33.532, 0, 88855, 97887, 90, 354.46, 58
2026/06/28 21:56:33.532, 1, 16296, 97887, 15, 108.89, 44
2026/06/28 21:56:34.032, 0, 88855, 97887, 91, 348.79, 58
2026/06/28 21:56:34.032, 1, 16296, 97887, 0, 95.42, 45
2026/06/28 21:56:34.532, 0, 88855, 97887, 90, 349.57, 58
2026/06/28 21:56:34.532, 1, 16296, 97887, 15, 96.55, 44
2026/06/28 21:56:35.033, 0, 88855, 97887, 90, 350.79, 58
2026/06/28 21:56:35.033, 1, 16296, 97887, 42, 160.32, 46
2026/06/28 21:56:35.533, 0, 88855, 97887, 89, 344.58, 58
2026/06/28 21:56:35.533, 1, 16296, 97887, 0, 153.06, 43
2026/06/28 21:56:36.033, 0, 88855, 97887, 91, 350.74, 58
2026/06/28 21:56:36.033, 1, 16296, 97887, 0, 98.71, 43
2026/06/28 21:56:36.533, 0, 88855, 97887, 92, 355.38, 58
2026/06/28 21:56:36.533, 1, 16296, 97887, 0, 98.71, 43
2026/06/28 21:56:37.033, 0, 88855, 97887, 91, 352.64, 58
2026/06/28 21:56:37.033, 1, 16296, 97887, 0, 99.56, 46
2026/06/28 21:56:37.534, 0, 88855, 97887, 91, 355.07, 58
2026/06/28 21:56:37.534, 1, 16296, 97887, 32, 128.55, 46
2026/06/28 21:56:38.034, 0, 88855, 97887, 90, 357.25, 58
2026/06/28 21:56:38.034, 1, 16296, 97887, 0, 152.83, 43
2026/06/28 21:56:38.534, 0, 88855, 97887, 90, 356.24, 58
2026/06/28 21:56:38.534, 1, 16296, 97887, 61, 138.10, 47
2026/06/28 21:56:39.034, 0, 88855, 97887, 80, 357.84, 58
2026/06/28 21:56:39.034, 1, 16296, 97887, 62, 220.71, 49
2026/06/28 21:56:39.535, 0, 88855, 97887, 88, 358.02, 58
2026/06/28 21:56:39.535, 1, 16296, 97887, 20, 204.00, 45
2026/06/28 21:56:40.035, 0, 88855, 97887, 89, 355.71, 58
2026/06/28 21:56:40.035, 1, 16296, 97887, 13, 167.86, 44
2026/06/28 21:56:40.535, 0, 88855, 97887, 89, 356.58, 58
2026/06/28 21:56:40.535, 1, 16296, 97887, 77, 207.43, 48
2026/06/28 21:56:41.035, 0, 88855, 97887, 91, 358.80, 59
2026/06/28 21:56:41.036, 1, 16296, 97887, 21, 165.51, 46
2026/06/28 21:56:41.536, 0, 88855, 97887, 88, 355.96, 58
2026/06/28 21:56:41.536, 1, 16296, 97887, 75, 215.29, 49
2026/06/28 21:56:42.036, 0, 88855, 97887, 91, 357.61, 59
2026/06/28 21:56:42.036, 1, 16296, 97887, 0, 195.99, 44
2026/06/28 21:56:42.536, 0, 88855, 97887, 90, 359.64, 59
2026/06/28 21:56:42.536, 1, 16296, 97887, 77, 163.90, 50
2026/06/28 21:56:43.036, 0, 88855, 97887, 90, 365.03, 59
2026/06/28 21:56:43.037, 1, 16296, 97887, 70, 224.32, 47
2026/06/28 21:56:43.537, 0, 88855, 97887, 90, 364.88, 59
2026/06/28 21:56:43.537, 1, 16296, 97887, 71, 241.46, 50
2026/06/28 21:56:44.037, 0, 88855, 97887, 87, 364.20, 59
2026/06/28 21:56:44.037, 1, 16296, 97887, 76, 220.85, 47
2026/06/28 21:56:44.537, 0, 88855, 97887, 100, 378.33, 59
2026/06/28 21:56:44.537, 1, 16296, 97887, 62, 225.41, 47
2026/06/28 21:56:45.038, 0, 88855, 97887, 100, 388.02, 59
2026/06/28 21:56:45.038, 1, 16296, 97887, 67, 264.99, 50
2026/06/28 21:56:45.538, 0, 88855, 97887, 100, 383.31, 59
2026/06/28 21:56:45.538, 1, 16296, 97887, 80, 278.36, 49
2026/06/28 21:56:46.038, 0, 88855, 97887, 100, 375.49, 59
2026/06/28 21:56:46.038, 1, 16296, 97887, 72, 278.37, 51
2026/06/28 21:56:46.538, 0, 88855, 97887, 100, 366.80, 59
2026/06/28 21:56:46.538, 1, 16296, 97887, 76, 275.59, 51
2026/06/28 21:56:47.038, 0, 88855, 97887, 100, 355.80, 58
2026/06/28 21:56:47.039, 1, 16296, 97887, 61, 240.40, 48
2026/06/28 21:56:47.539, 0, 88855, 97887, 100, 347.73, 58
2026/06/28 21:56:47.539, 1, 16296, 97887, 63, 266.35, 49
2026/06/28 21:56:48.039, 0, 88855, 97887, 100, 343.83, 58
2026/06/28 21:56:48.039, 1, 16296, 97887, 77, 288.34, 49
2026/06/28 21:56:48.539, 0, 88855, 97887, 100, 338.35, 58
2026/06/28 21:56:48.539, 1, 16296, 97887, 67, 267.13, 51
2026/06/28 21:56:49.039, 0, 88855, 97887, 100, 327.00, 57
2026/06/28 21:56:49.040, 1, 16296, 97887, 74, 280.95, 50
2026/06/28 21:56:49.540, 0, 88855, 97887, 100, 311.93, 57
2026/06/28 21:56:49.540, 1, 16296, 97887, 75, 278.64, 52
2026/06/28 21:56:50.040, 0, 88855, 97887, 100, 303.20, 57
2026/06/28 21:56:50.040, 1, 16296, 97887, 68, 276.97, 50
2026/06/28 21:56:50.540, 0, 88855, 97887, 100, 298.35, 57
2026/06/28 21:56:50.540, 1, 16296, 97887, 74, 286.40, 51
2026/06/28 21:56:51.040, 0, 88855, 97887, 100, 291.67, 56
2026/06/28 21:56:51.040, 1, 16296, 97887, 62, 263.40, 52
2026/06/28 21:56:51.541, 0, 88855, 97887, 100, 291.56, 56
2026/06/28 21:56:51.541, 1, 16296, 97887, 63, 263.80, 49
2026/06/28 21:56:52.041, 0, 88855, 97887, 100, 295.19, 56
2026/06/28 21:56:52.041, 1, 16296, 97887, 61, 269.55, 53
2026/06/28 21:56:52.541, 0, 88855, 97887, 100, 300.42, 57
2026/06/28 21:56:52.541, 1, 16296, 97887, 71, 270.45, 50
2026/06/28 21:56:53.041, 0, 88855, 97887, 100, 313.09, 57
2026/06/28 21:56:53.041, 1, 16296, 97887, 15, 226.83, 48
2026/06/28 21:56:53.542, 0, 88855, 97887, 100, 321.74, 57
2026/06/28 21:56:53.542, 1, 16296, 97887, 52, 193.96, 49
2026/06/28 21:56:54.042, 0, 88855, 97887, 100, 314.35, 56
2026/06/28 21:56:54.042, 1, 16296, 97887, 63, 196.26, 49
2026/06/28 21:56:54.542, 0, 88855, 97887, 100, 303.13, 56
2026/06/28 21:56:54.543, 1, 16296, 97887, 63, 177.86, 48
2026/06/28 21:56:55.044, 0, 88855, 97887, 100, 295.38, 56
2026/06/28 21:56:55.044, 1, 16296, 97887, 54, 185.15, 46
2026/06/28 21:56:55.544, 0, 88855, 97887, 100, 280.14, 55
2026/06/28 21:56:55.544, 1, 16296, 97887, 49, 185.92, 48
2026/06/28 21:56:56.044, 0, 88855, 97887, 0, 218.65, 52
2026/06/28 21:56:56.044, 1, 16296, 97887, 63, 163.05, 47
2026/06/28 21:56:56.545, 0, 88855, 97887, 0, 133.41, 51
2026/06/28 21:56:56.545, 1, 16296, 97887, 0, 133.79, 45
2026/06/28 21:56:57.045, 0, 88855, 97887, 86, 221.70, 57
2026/06/28 21:56:57.045, 1, 16296, 97887, 0, 104.65, 45
2026/06/28 21:56:57.545, 0, 88855, 97887, 87, 318.69, 57
2026/06/28 21:56:57.545, 1, 16296, 97887, 0, 104.65, 45
2026/06/28 21:56:58.045, 0, 88855, 97887, 90, 337.98, 58
2026/06/28 21:56:58.045, 1, 16296, 97887, 0, 92.41, 45
2026/06/28 21:56:58.545, 0, 88855, 97887, 90, 327.67, 57
2026/06/28 21:56:58.545, 1, 16296, 97887, 0, 92.41, 45
2026/06/28 21:56:59.045, 0, 88855, 97887, 100, 314.93, 57
2026/06/28 21:56:59.046, 1, 16296, 97887, 1, 119.03, 45
2026/06/28 21:56:59.546, 0, 88855, 97887, 100, 311.36, 57
2026/06/28 21:56:59.546, 1, 16296, 97887, 28, 119.94, 45
2026/06/28 21:57:00.046, 0, 88855, 97887, 100, 323.44, 57
2026/06/28 21:57:00.046, 1, 16296, 97887, 15, 108.27, 45
2026/06/28 21:57:00.546, 0, 88855, 97887, 100, 333.44, 57
2026/06/28 21:57:00.546, 1, 16296, 97887, 0, 99.39, 44
2026/06/28 21:57:01.046, 0, 88855, 97887, 100, 334.18, 57
2026/06/28 21:57:01.047, 1, 16296, 97887, 0, 98.14, 45
2026/06/28 21:57:01.547, 0, 88855, 97887, 100, 351.37, 58
2026/06/28 21:57:01.547, 1, 16296, 97887, 16, 94.55, 44
2026/06/28 21:57:02.047, 0, 88855, 97887, 100, 364.86, 58
2026/06/28 21:57:02.047, 1, 16296, 97887, 29, 109.82, 44
2026/06/28 21:57:02.547, 0, 88855, 97887, 100, 368.17, 59
2026/06/28 21:57:02.547, 1, 16296, 97887, 0, 125.85, 45
2026/06/28 21:57:03.048, 0, 88855, 97887, 100, 374.55, 59
2026/06/28 21:57:03.048, 1, 16296, 97887, 0, 119.15, 45
2026/06/28 21:57:03.548, 0, 88855, 97887, 91, 380.73, 59
2026/06/28 21:57:03.548, 1, 16296, 97887, 24, 149.60, 46
2026/06/28 21:57:04.048, 0, 88855, 97887, 90, 368.56, 59
2026/06/28 21:57:04.048, 1, 16296, 97887, 70, 215.33, 49
2026/06/28 21:57:04.548, 0, 88855, 97887, 89, 358.55, 58
2026/06/28 21:57:04.548, 1, 16296, 97887, 0, 187.89, 44
2026/06/28 21:57:05.048, 0, 88855, 97887, 89, 363.51, 59
2026/06/28 21:57:05.048, 1, 16296, 97887, 70, 148.03, 49
2026/06/28 21:57:05.548, 0, 88855, 97887, 89, 360.86, 57
2026/06/28 21:57:05.549, 1, 16296, 97887, 0, 148.04, 44
2026/06/28 21:57:06.049, 0, 88855, 97887, 90, 359.94, 59
2026/06/28 21:57:06.049, 1, 16296, 97887, 0, 109.31, 45
2026/06/28 21:57:06.549, 0, 88855, 97887, 91, 348.64, 59
2026/06/28 21:57:06.549, 1, 16296, 97887, 0, 105.50, 44
2026/06/28 21:57:07.049, 0, 88855, 97887, 88, 344.01, 59
2026/06/28 21:57:07.049, 1, 16296, 97887, 15, 103.64, 44
2026/06/28 21:57:07.549, 0, 88855, 97887, 91, 353.32, 59
2026/06/28 21:57:07.549, 1, 16296, 97887, 0, 93.04, 44
2026/06/28 21:57:08.049, 0, 88855, 97887, 88, 352.17, 58
2026/06/28 21:57:08.049, 1, 16296, 97887, 69, 151.38, 47
2026/06/28 21:57:08.550, 0, 88855, 97887, 91, 347.41, 59
2026/06/28 21:57:08.550, 1, 16296, 97887, 59, 176.01, 46
2026/06/28 21:57:09.050, 0, 88855, 97887, 90, 341.84, 59
2026/06/28 21:57:09.050, 1, 16296, 97887, 0, 140.79, 44
2026/06/28 21:57:09.550, 0, 88855, 97887, 91, 350.05, 59
2026/06/28 21:57:09.550, 1, 16296, 97887, 67, 150.50, 47
2026/06/28 21:57:10.050, 0, 88855, 97887, 91, 356.30, 59
2026/06/28 21:57:10.050, 1, 16296, 97887, 0, 132.75, 44
2026/06/28 21:57:10.550, 0, 88855, 97887, 90, 351.45, 58
2026/06/28 21:57:10.551, 1, 16296, 97887, 60, 170.00, 46
2026/06/28 21:57:11.051, 0, 88855, 97887, 87, 354.61, 59
2026/06/28 21:57:11.051, 1, 16296, 97887, 0, 166.08, 44
2026/06/28 21:57:11.551, 0, 88855, 97887, 87, 355.73, 59
2026/06/28 21:57:11.551, 1, 16296, 97887, 15, 123.27, 44
2026/06/28 21:57:12.051, 0, 88855, 97887, 89, 352.52, 59
2026/06/28 21:57:12.051, 1, 16296, 97887, 0, 93.62, 44
2026/06/28 21:57:12.551, 0, 88855, 97887, 88, 357.53, 59
2026/06/28 21:57:12.551, 1, 16296, 97887, 20, 116.33, 45
2026/06/28 21:57:13.051, 0, 88855, 97887, 90, 359.07, 59
2026/06/28 21:57:13.052, 1, 16296, 97887, 60, 148.19, 46
2026/06/28 21:57:13.552, 0, 88855, 97887, 89, 352.11, 59
2026/06/28 21:57:13.552, 1, 16296, 97887, 34, 142.24, 45
2026/06/28 21:57:14.052, 0, 88855, 97887, 90, 354.28, 59
2026/06/28 21:57:14.052, 1, 16296, 97887, 70, 148.19, 49
2026/06/28 21:57:14.552, 0, 88855, 97887, 92, 357.16, 59
2026/06/28 21:57:14.552, 1, 16296, 97887, 0, 134.01, 44
2026/06/28 21:57:15.052, 0, 88855, 97887, 90, 360.93, 58
2026/06/28 21:57:15.052, 1, 16296, 97887, 83, 174.21, 47
2026/06/28 21:57:15.552, 0, 88855, 97887, 90, 357.52, 59
2026/06/28 21:57:15.553, 1, 16296, 97887, 0, 180.86, 44
2026/06/28 21:57:16.053, 0, 88855, 97887, 91, 360.55, 59
2026/06/28 21:57:16.053, 1, 16296, 97887, 38, 147.07, 46
2026/06/28 21:57:16.553, 0, 88855, 97887, 89, 362.96, 59
2026/06/28 21:57:16.553, 1, 16296, 97887, 75, 160.87, 47
2026/06/28 21:57:17.053, 0, 88855, 97887, 89, 365.22, 59
2026/06/28 21:57:17.053, 1, 16296, 97887, 73, 211.63, 50
2026/06/28 21:57:17.553, 0, 88855, 97887, 90, 369.74, 59
2026/06/28 21:57:17.553, 1, 16296, 97887, 66, 253.28, 47
2026/06/28 21:57:18.053, 0, 88855, 97887, 87, 368.18, 59
2026/06/28 21:57:18.054, 1, 16296, 97887, 57, 260.68, 48
2026/06/28 21:57:18.554, 0, 88855, 97887, 90, 358.28, 59
2026/06/28 21:57:18.554, 1, 16296, 97887, 73, 255.62, 49
2026/06/28 21:57:19.054, 0, 88855, 97887, 89, 353.67, 59
2026/06/28 21:57:19.054, 1, 16296, 97887, 50, 210.98, 45
2026/06/28 21:57:19.554, 0, 88855, 97887, 90, 359.42, 58
2026/06/28 21:57:19.554, 1, 16296, 97887, 22, 166.82, 46
2026/06/28 21:57:20.054, 0, 88855, 97887, 90, 362.03, 58
2026/06/28 21:57:20.054, 1, 16296, 97887, 80, 224.25, 47
2026/06/28 21:57:20.554, 0, 88855, 97887, 87, 366.41, 59
2026/06/28 21:57:20.554, 1, 16296, 97887, 77, 266.65, 49
2026/06/28 21:57:21.055, 0, 88855, 97887, 89, 364.22, 59
2026/06/28 21:57:21.055, 1, 16296, 97887, 78, 297.33, 50
2026/06/28 21:57:21.555, 0, 88855, 97887, 91, 362.51, 59
2026/06/28 21:57:21.555, 1, 16296, 97887, 88, 322.02, 52
2026/06/28 21:57:22.055, 0, 88855, 97887, 89, 359.35, 58
2026/06/28 21:57:22.055, 1, 16296, 97887, 76, 291.67, 48
2026/06/28 21:57:22.555, 0, 88855, 97887, 88, 354.59, 59
2026/06/28 21:57:22.555, 1, 16296, 97887, 61, 275.10, 48
2026/06/28 21:57:23.055, 0, 88855, 97887, 89, 364.52, 59
2026/06/28 21:57:23.056, 1, 16296, 97887, 39, 231.43, 46
2026/06/28 21:57:23.556, 0, 88855, 97887, 84, 364.64, 59
2026/06/28 21:57:23.556, 1, 16296, 97887, 37, 203.21, 47
2026/06/28 21:57:24.056, 0, 88855, 97887, 90, 359.94, 58
2026/06/28 21:57:24.056, 1, 16296, 97887, 69, 199.85, 46
2026/06/28 21:57:24.556, 0, 88855, 97887, 87, 368.26, 58
2026/06/28 21:57:24.556, 1, 16296, 97887, 75, 236.97, 50
2026/06/28 21:57:25.056, 0, 88855, 97887, 87, 363.14, 59
2026/06/28 21:57:25.057, 1, 16296, 97887, 89, 268.74, 46
2026/06/28 21:57:25.557, 0, 88855, 97887, 89, 363.78, 59
2026/06/28 21:57:25.557, 1, 16296, 97887, 37, 265.27, 49
2026/06/28 21:57:26.057, 0, 88855, 97887, 87, 364.03, 58
2026/06/28 21:57:26.057, 1, 16296, 97887, 77, 242.76, 51
2026/06/28 21:57:26.557, 0, 88855, 97887, 90, 354.67, 59
2026/06/28 21:57:26.557, 1, 16296, 97887, 69, 249.83, 49
2026/06/28 21:57:27.057, 0, 88855, 97887, 100, 360.16, 59
2026/06/28 21:57:27.058, 1, 16296, 97887, 77, 254.95, 50
2026/06/28 21:57:27.558, 0, 88855, 97887, 100, 372.50, 59
2026/06/28 21:57:27.558, 1, 16296, 97887, 75, 239.86, 50
2026/06/28 21:57:28.058, 0, 88855, 97887, 100, 374.71, 59
2026/06/28 21:57:28.058, 1, 16296, 97887, 32, 228.68, 49
2026/06/28 21:57:28.558, 0, 88855, 97887, 100, 370.61, 59
2026/06/28 21:57:28.558, 1, 16296, 97887, 0, 222.27, 46
2026/06/28 21:57:29.058, 0, 88855, 97887, 100, 371.38, 59
2026/06/28 21:57:29.058, 1, 16296, 97887, 59, 211.36, 48
2026/06/28 21:57:29.558, 0, 88855, 97887, 100, 373.46, 59
2026/06/28 21:57:29.559, 1, 16296, 97887, 48, 209.54, 48
2026/06/28 21:57:30.059, 0, 88855, 97887, 100, 373.28, 59
2026/06/28 21:57:30.059, 1, 16296, 97887, 52, 162.18, 46
2026/06/28 21:57:30.559, 0, 88855, 97887, 100, 363.67, 59
2026/06/28 21:57:30.559, 1, 16296, 97887, 72, 183.96, 50
2026/06/28 21:57:31.059, 0, 88855, 97887, 100, 353.83, 59
2026/06/28 21:57:31.059, 1, 16296, 97887, 65, 251.45, 47
2026/06/28 21:57:31.560, 0, 88855, 97887, 100, 348.90, 59
2026/06/28 21:57:31.560, 1, 16296, 97887, 28, 218.61, 48
2026/06/28 21:57:32.060, 0, 88855, 97887, 100, 344.52, 58
2026/06/28 21:57:32.060, 1, 16296, 97887, 84, 203.39, 49
2026/06/28 21:57:32.560, 0, 88855, 97887, 100, 339.36, 58
2026/06/28 21:57:32.560, 1, 16296, 97887, 32, 219.11, 47
2026/06/28 21:57:33.060, 0, 88855, 97887, 100, 331.99, 58
2026/06/28 21:57:33.060, 1, 16296, 97887, 0, 155.15, 47
2026/06/28 21:57:33.560, 0, 88855, 97887, 100, 333.02, 58
2026/06/28 21:57:33.561, 1, 16296, 97887, 0, 156.90, 46
2026/06/28 21:57:34.061, 0, 88855, 97887, 100, 336.70, 58
2026/06/28 21:57:34.061, 1, 16296, 97887, 49, 188.05, 46
2026/06/28 21:57:34.561, 0, 88855, 97887, 100, 335.39, 58
2026/06/28 21:57:34.561, 1, 16296, 97887, 76, 214.12, 49
2026/06/28 21:57:35.061, 0, 88855, 97887, 100, 328.67, 58
2026/06/28 21:57:35.061, 1, 16296, 97887, 34, 218.81, 49
2026/06/28 21:57:35.561, 0, 88855, 97887, 100, 322.86, 57
2026/06/28 21:57:35.562, 1, 16296, 97887, 67, 170.38, 48
2026/06/28 21:57:36.062, 0, 88855, 97887, 100, 319.01, 57
2026/06/28 21:57:36.062, 1, 16296, 97887, 75, 196.10, 47
2026/06/28 21:57:36.562, 0, 88855, 97887, 100, 313.36, 57
2026/06/28 21:57:36.562, 1, 16296, 97887, 68, 194.97, 47
2026/06/28 21:57:37.062, 0, 88855, 97887, 100, 308.60, 57
2026/06/28 21:57:37.062, 1, 16296, 97887, 65, 210.46, 51
2026/06/28 21:57:37.562, 0, 88855, 97887, 100, 302.01, 57
2026/06/28 21:57:37.562, 1, 16296, 97887, 44, 232.61, 48
2026/06/28 21:57:38.062, 0, 88855, 97887, 100, 293.65, 56
2026/06/28 21:57:38.063, 1, 16296, 97887, 40, 211.62, 48
2026/06/28 21:57:38.563, 0, 88855, 97887, 100, 294.00, 57
2026/06/28 21:57:38.563, 1, 16296, 97887, 61, 222.03, 48
2026/06/28 21:57:39.063, 0, 88855, 97887, 100, 306.28, 57
2026/06/28 21:57:39.063, 1, 16296, 97887, 66, 261.49, 50
2026/06/28 21:57:39.563, 0, 88855, 97887, 100, 306.93, 56
2026/06/28 21:57:39.563, 1, 16296, 97887, 74, 270.62, 50
2026/06/28 21:57:40.063, 0, 88855, 97887, 100, 285.01, 55
2026/06/28 21:57:40.063, 1, 16296, 97887, 69, 264.89, 52
2026/06/28 21:57:40.564, 0, 88855, 97887, 0, 209.94, 52
2026/06/28 21:57:40.564, 1, 16296, 97887, 56, 276.91, 49
2026/06/28 21:57:41.064, 0, 88855, 97887, 0, 125.72, 51
2026/06/28 21:57:41.064, 1, 16296, 97887, 74, 278.28, 49
