fichero,carpeta,fecha,ground_truth,modelo_gen,coleccion,rerank,top_k,n_preguntas,tokens_entrada,tokens_salida,seg_generacion,seg_total,en_libro_mayor,n_consultas_log_ventana,derivado_de
eval/2026-05-19/results_LPP2013_ground_truth_gen_gemma4-26b_cross_encoder_anchor-on_2026-06-13_152054.json,eval/2026-05-19,2026-06-13T15:20:54,LPP2013_ground_truth.json,gemma4:26b,docs_rag_qwen3,cross_encoder,5,36,393932,14267,361.5,1246.8,False,0,
eval/2026-05-19/results_LPP2013_ground_truth_gen_gemma4-26b_embed_anchor-on_2026-06-13_131615.json,eval/2026-05-19,2026-06-13T13:16:15,LPP2013_ground_truth.json,gemma4:26b,docs_rag_qwen3,embed,5,36,281181,14648,347.5,678.8,False,0,
eval/2026-05-19/results_LPP2013_ground_truth_gen_gemma4-26b_rrf_only_anchor-on_2026-06-13_141450.json,eval/2026-05-19,2026-06-13T14:14:50,LPP2013_ground_truth.json,gemma4:26b,docs_rag_qwen3,rrf_only,5,36,291437,14183,346.8,633.1,False,0,
eval/2026-05-19/results_PA02_ground_truth_gen_gemma4-26b_cross_encoder_anchor-on_2026-05-20_215731.json,eval/2026-05-19,2026-05-20T21:57:31,PA02_ground_truth.json,gemma4:26b,docs_rag_qwen3,cross_encoder,5,15,66476,5436,135.6,452.3,False,0,
eval/2026-05-19/results_PA02_ground_truth_gen_gemma4-26b_embed_anchor-on_2026-05-20_175215.json,eval/2026-05-19,2026-05-20T17:52:15,PA02_ground_truth.json,gemma4:26b,docs_rag_qwen3,embed,5,15,59434,4184,124.8,254.6,False,0,
eval/2026-05-19/results_PA02_ground_truth_gen_gemma4-26b_rrf_only_anchor-on_2026-05-20_195636.json,eval/2026-05-19,2026-05-20T19:56:36,PA02_ground_truth.json,gemma4:26b,docs_rag_qwen3,rrf_only,5,15,60324,4760,128.6,246.8,False,0,
eval/2026-05-19/results_PA06_ground_truth_gen_gemma4-26b_cross_encoder_anchor-on_2026-05-20_220600.json,eval/2026-05-19,2026-05-20T22:06:00,PA06_ground_truth.json,gemma4:26b,docs_rag_qwen3,cross_encoder,5,16,92486,4518,139.0,508.1,False,0,
eval/2026-05-19/results_PA06_ground_truth_gen_gemma4-26b_embed_anchor-on_2026-05-20_175652.json,eval/2026-05-19,2026-05-20T17:56:52,PA06_ground_truth.json,gemma4:26b,docs_rag_qwen3,embed,5,16,78597,3994,132.4,275.9,False,0,
eval/2026-05-19/results_PA06_ground_truth_gen_gemma4-26b_rrf_only_anchor-on_2026-05-20_200052.json,eval/2026-05-19,2026-05-20T20:00:52,PA06_ground_truth.json,gemma4:26b,docs_rag_qwen3,rrf_only,5,16,75081,4023,131.6,254.5,False,0,
eval/2026-05-19/results_PA121_ground_truth_gen_gemma4-26b_cross_encoder_anchor-on_2026-06-13_153308.json,eval/2026-05-19,2026-06-13T15:33:08,PA121_ground_truth.json,gemma4:26b,docs_rag_qwen3,cross_encoder,5,28,93211,10044,243.0,731.3,False,0,
eval/2026-05-19/results_PA121_ground_truth_gen_gemma4-26b_embed_anchor-on_2026-06-13_132415.json,eval/2026-05-19,2026-06-13T13:24:15,PA121_ground_truth.json,gemma4:26b,docs_rag_qwen3,embed,5,28,70009,8333,226.8,477.2,False,0,
eval/2026-05-19/results_PA121_ground_truth_gen_gemma4-26b_rrf_only_anchor-on_2026-06-13_142224.json,eval/2026-05-19,2026-06-13T14:22:24,PA121_ground_truth.json,gemma4:26b,docs_rag_qwen3,rrf_only,5,28,75131,8299,228.2,451.9,False,0,
eval/2026-05-19/results_PA178_ground_truth_gen_gemma4-26b_cross_encoder_anchor-on_2026-05-20_222010.json,eval/2026-05-19,2026-05-20T22:20:10,PA178_ground_truth.json,gemma4:26b,docs_rag_qwen3,cross_encoder,5,26,176953,11080,252.3,848.2,False,0,
eval/2026-05-19/results_PA178_ground_truth_gen_gemma4-26b_embed_anchor-on_2026-05-20_180458.json,eval/2026-05-19,2026-05-20T18:04:58,PA178_ground_truth.json,gemma4:26b,docs_rag_qwen3,embed,5,26,159133,10681,249.8,483.7,False,0,
eval/2026-05-19/results_PA178_ground_truth_gen_gemma4-26b_rrf_only_anchor-on_2026-05-20_200823.json,eval/2026-05-19,2026-05-20T20:08:23,PA178_ground_truth.json,gemma4:26b,docs_rag_qwen3,rrf_only,5,26,164685,10255,247.4,448.9,False,0,
eval/2026-05-19/results_PA17_ground_truth_gen_gemma4-26b_cross_encoder_anchor-on_2026-05-20_223221.json,eval/2026-05-19,2026-05-20T22:32:21,PA17_ground_truth.json,gemma4:26b,docs_rag_qwen3,cross_encoder,5,30,127617,10027,260.7,727.9,False,0,
eval/2026-05-19/results_PA17_ground_truth_gen_gemma4-26b_embed_anchor-on_2026-05-20_181341.json,eval/2026-05-19,2026-05-20T18:13:41,PA17_ground_truth.json,gemma4:26b,docs_rag_qwen3,embed,5,30,109140,9749,256.1,520.6,False,0,
eval/2026-05-19/results_PA17_ground_truth_gen_gemma4-26b_rrf_only_anchor-on_2026-05-20_201638.json,eval/2026-05-19,2026-05-20T20:16:38,PA17_ground_truth.json,gemma4:26b,docs_rag_qwen3,rrf_only,5,30,109280,9447,256.9,492.3,False,0,
eval/2026-05-19/results_PA195_ground_truth_gen_gemma4-26b_cross_encoder_anchor-on_2026-05-20_224438.json,eval/2026-05-19,2026-05-20T22:44:38,PA195_ground_truth.json,gemma4:26b,docs_rag_qwen3,cross_encoder,5,30,96887,12200,270.8,734.0,False,0,
eval/2026-05-19/results_PA195_ground_truth_gen_gemma4-26b_embed_anchor-on_2026-05-20_182233.json,eval/2026-05-19,2026-05-20T18:22:33,PA195_ground_truth.json,gemma4:26b,docs_rag_qwen3,embed,5,30,102087,11296,265.9,529.3,False,0,
eval/2026-05-19/results_PA195_ground_truth_gen_gemma4-26b_rrf_only_anchor-on_2026-05-20_202506.json,eval/2026-05-19,2026-05-20T20:25:06,PA195_ground_truth.json,gemma4:26b,docs_rag_qwen3,rrf_only,5,30,115551,11485,272.3,505.8,False,0,
eval/2026-05-19/results_PA199_ground_truth_gen_gemma4-26b_cross_encoder_anchor-on_2026-05-20_225853.json,eval/2026-05-19,2026-05-20T22:58:53,PA199_ground_truth.json,gemma4:26b,docs_rag_qwen3,cross_encoder,5,28,135694,11519,264.1,852.7,False,0,
eval/2026-05-19/results_PA199_ground_truth_gen_gemma4-26b_embed_anchor-on_2026-05-20_183052.json,eval/2026-05-19,2026-05-20T18:30:52,PA199_ground_truth.json,gemma4:26b,docs_rag_qwen3,embed,5,28,104142,10139,248.5,496.6,False,0,
eval/2026-05-19/results_PA199_ground_truth_gen_gemma4-26b_rrf_only_anchor-on_2026-05-20_203301.json,eval/2026-05-19,2026-05-20T20:33:01,PA199_ground_truth.json,gemma4:26b,docs_rag_qwen3,rrf_only,5,28,117635,10354,251.4,472.7,False,0,
eval/2026-05-19/results_PA201_ground_truth_gen_gemma4-26b_cross_encoder_anchor-on_2026-05-20_230612.json,eval/2026-05-19,2026-05-20T23:06:12,PA201_ground_truth.json,gemma4:26b,docs_rag_qwen3,cross_encoder,5,18,66945,7037,162.7,437.9,False,0,
eval/2026-05-19/results_PA201_ground_truth_gen_gemma4-26b_embed_anchor-on_2026-05-20_183618.json,eval/2026-05-19,2026-05-20T18:36:18,PA201_ground_truth.json,gemma4:26b,docs_rag_qwen3,embed,5,18,57135,7712,166.9,324.0,False,0,
eval/2026-05-19/results_PA201_ground_truth_gen_gemma4-26b_rrf_only_anchor-on_2026-05-20_203813.json,eval/2026-05-19,2026-05-20T20:38:13,PA201_ground_truth.json,gemma4:26b,docs_rag_qwen3,rrf_only,5,18,59681,8154,170.6,310.8,False,0,
eval/2026-05-19/results_PA26_ground_truth_gen_gemma4-26b_cross_encoder_anchor-on_2026-05-20_231707.json,eval/2026-05-19,2026-05-20T23:17:07,PA26_ground_truth.json,gemma4:26b,docs_rag_qwen3,cross_encoder,5,25,120399,7156,213.4,653.5,False,0,
eval/2026-05-19/results_PA26_ground_truth_gen_gemma4-26b_embed_anchor-on_2026-05-20_184321.json,eval/2026-05-19,2026-05-20T18:43:21,PA26_ground_truth.json,gemma4:26b,docs_rag_qwen3,embed,5,25,88931,6137,199.5,420.3,False,0,
eval/2026-05-19/results_PA26_ground_truth_gen_gemma4-26b_rrf_only_anchor-on_2026-05-20_204456.json,eval/2026-05-19,2026-05-20T20:44:56,PA26_ground_truth.json,gemma4:26b,docs_rag_qwen3,rrf_only,5,25,87486,6812,205.3,400.8,False,0,
eval/2026-05-19/results_PA46_grounf_truth_gen_gemma4-26b_cross_encoder_anchor-on_2026-05-20_233814.json,eval/2026-05-19,2026-05-20T23:38:14,PA46_grounf_truth.json,gemma4:26b,docs_rag_qwen3,cross_encoder,5,40,276442,16419,391.0,1262.8,False,0,
eval/2026-05-19/results_PA46_grounf_truth_gen_gemma4-26b_embed_anchor-on_2026-05-20_185528.json,eval/2026-05-19,2026-05-20T18:55:28,PA46_grounf_truth.json,gemma4:26b,docs_rag_qwen3,embed,5,40,206520,14787,368.4,723.8,False,0,
eval/2026-05-19/results_PA46_grounf_truth_gen_gemma4-26b_rrf_only_anchor-on_2026-05-20_205618.json,eval/2026-05-19,2026-05-20T20:56:18,PA46_grounf_truth.json,gemma4:26b,docs_rag_qwen3,rrf_only,5,40,205996,14033,362.7,678.7,False,0,
eval/2026-05-19/results_PC08_ground_truth_gen_gemma4-26b_cross_encoder_anchor-on_2026-05-20_235333.json,eval/2026-05-19,2026-05-20T23:53:33,PC08_ground_truth.json,gemma4:26b,docs_rag_qwen3,cross_encoder,5,29,163900,14736,299.8,916.5,False,0,
eval/2026-05-19/results_PC08_ground_truth_gen_gemma4-26b_embed_anchor-on_2026-05-20_190441.json,eval/2026-05-19,2026-05-20T19:04:41,PC08_ground_truth.json,gemma4:26b,docs_rag_qwen3,embed,5,29,146718,14261,289.3,551.0,False,0,
eval/2026-05-19/results_PC08_ground_truth_gen_gemma4-26b_rrf_only_anchor-on_2026-05-20_210450.json,eval/2026-05-19,2026-05-20T21:04:50,PC08_ground_truth.json,gemma4:26b,docs_rag_qwen3,rrf_only,5,29,144683,13337,283.3,510.4,False,0,
eval/2026-05-19/results_PC67_ground_truth_gen_gemma4-26b_cross_encoder_anchor-on_2026-05-21_000808.json,eval/2026-05-19,2026-05-21T00:08:08,PC67_ground_truth.json,gemma4:26b,docs_rag_qwen3,cross_encoder,5,30,143515,10186,269.9,872.6,False,0,
eval/2026-05-19/results_PC67_ground_truth_gen_gemma4-26b_embed_anchor-on_2026-05-20_191335.json,eval/2026-05-19,2026-05-20T19:13:35,PC67_ground_truth.json,gemma4:26b,docs_rag_qwen3,embed,5,30,132527,10385,266.9,531.5,False,0,
eval/2026-05-19/results_PC67_ground_truth_gen_gemma4-26b_rrf_only_anchor-on_2026-05-20_211321.json,eval/2026-05-19,2026-05-20T21:13:21,PC67_ground_truth.json,gemma4:26b,docs_rag_qwen3,rrf_only,5,30,155337,10738,274.4,508.7,False,0,
eval/2026-05-19/results_PC73_ground_truth_gen_gemma4-26b_cross_encoder_anchor-on_2026-05-21_002129.json,eval/2026-05-19,2026-05-21T00:21:29,PC73_ground_truth.json,gemma4:26b,docs_rag_qwen3,cross_encoder,5,30,93549,10168,257.2,799.1,False,0,
eval/2026-05-19/results_PC73_ground_truth_gen_gemma4-26b_embed_anchor-on_2026-05-20_192224.json,eval/2026-05-19,2026-05-20T19:22:24,PC73_ground_truth.json,gemma4:26b,docs_rag_qwen3,embed,5,30,98393,11194,265.9,526.3,False,0,
eval/2026-05-19/results_PC73_ground_truth_gen_gemma4-26b_rrf_only_anchor-on_2026-05-20_212142.json,eval/2026-05-19,2026-05-20T21:21:42,PC73_ground_truth.json,gemma4:26b,docs_rag_qwen3,rrf_only,5,30,103550,11372,265.0,498.9,False,0,
eval/2026-05-19/results_PE27_ground_truth_gen_gemma4-26b_cross_encoder_anchor-on_2026-05-21_003707.json,eval/2026-05-19,2026-05-21T00:37:07,PE27_ground_truth.json,gemma4:26b,docs_rag_qwen3,cross_encoder,5,30,183161,12968,293.8,934.8,False,0,
eval/2026-05-19/results_PE27_ground_truth_gen_gemma4-26b_embed_anchor-on_2026-05-20_193141.json,eval/2026-05-19,2026-05-20T19:31:41,PE27_ground_truth.json,gemma4:26b,docs_rag_qwen3,embed,5,30,163028,11887,282.2,553.4,False,0,
eval/2026-05-19/results_PE27_ground_truth_gen_gemma4-26b_rrf_only_anchor-on_2026-05-20_213027.json,eval/2026-05-19,2026-05-20T21:30:27,PE27_ground_truth.json,gemma4:26b,docs_rag_qwen3,rrf_only,5,30,162531,12358,285.2,522.6,False,0,
eval/2026-05-19/results_PO05_ground_truth_gen_gemma4-26b_cross_encoder_anchor-on_2026-06-13_154842.json,eval/2026-05-19,2026-06-13T15:48:42,PO05_ground_truth.json,gemma4:26b,docs_rag_qwen3,cross_encoder,5,30,155503,9877,262.7,931.8,False,0,
eval/2026-05-19/results_PO05_ground_truth_gen_gemma4-26b_embed_anchor-on_2026-06-13_133302.json,eval/2026-05-19,2026-06-13T13:33:02,PO05_ground_truth.json,gemma4:26b,docs_rag_qwen3,embed,5,30,142382,8727,254.5,524.7,False,0,
eval/2026-05-19/results_PO05_ground_truth_gen_gemma4-26b_rrf_only_anchor-on_2026-06-13_143044.json,eval/2026-05-19,2026-06-13T14:30:44,PO05_ground_truth.json,gemma4:26b,docs_rag_qwen3,rrf_only,5,30,139318,9046,255.4,497.1,False,0,
eval/2026-05-19/results_PO108_ground_truth_gen_gemma4-26b_cross_encoder_anchor-on_2026-05-21_005239.json,eval/2026-05-19,2026-05-21T00:52:39,PO108_ground_truth.json,gemma4:26b,docs_rag_qwen3,cross_encoder,5,30,173668,10923,277.9,929.2,False,0,
eval/2026-05-19/results_PO108_ground_truth_gen_gemma4-26b_embed_anchor-on_2026-05-20_194035.json,eval/2026-05-19,2026-05-20T19:40:35,PO108_ground_truth.json,gemma4:26b,docs_rag_qwen3,embed,5,30,126675,11178,269.8,531.9,False,0,
eval/2026-05-19/results_PO108_ground_truth_gen_gemma4-26b_rrf_only_anchor-on_2026-05-20_213854.json,eval/2026-05-19,2026-05-20T21:38:54,PO108_ground_truth.json,gemma4:26b,docs_rag_qwen3,rrf_only,5,30,133242,10957,269.6,504.4,False,0,
eval/2026-05-19/results_PO19_ground_truth_gen_gemma4-26b_cross_encoder_anchor-on_2026-06-13_160249.json,eval/2026-05-19,2026-06-13T16:02:49,PO19_ground_truth.json,gemma4:26b,docs_rag_qwen3,cross_encoder,5,30,189851,8430,257.3,845.0,False,0,
eval/2026-05-19/results_PO19_ground_truth_gen_gemma4-26b_embed_anchor-on_2026-06-13_134202.json,eval/2026-05-19,2026-06-13T13:42:02,PO19_ground_truth.json,gemma4:26b,docs_rag_qwen3,embed,5,30,165049,8721,257.1,536.8,False,0,
eval/2026-05-19/results_PO19_ground_truth_gen_gemma4-26b_rrf_only_anchor-on_2026-06-13_143908.json,eval/2026-05-19,2026-06-13T14:39:08,PO19_ground_truth.json,gemma4:26b,docs_rag_qwen3,rrf_only,5,30,176622,9192,260.6,501.1,False,0,
eval/2026-05-19/results_PTP2_ground_truth_gen_gemma4-26b_cross_encoder_anchor-on_2026-06-13_162626.json,eval/2026-05-19,2026-06-13T16:26:26,PTP2_ground_truth.json,gemma4:26b,docs_rag_qwen3,cross_encoder,5,45,236528,12629,379.6,1412.6,False,0,
eval/2026-05-19/results_PTP2_ground_truth_gen_gemma4-26b_embed_anchor-on_2026-06-13_135500.json,eval/2026-05-19,2026-06-13T13:55:00,PTP2_ground_truth.json,gemma4:26b,docs_rag_qwen3,embed,5,45,185840,11849,368.2,773.7,False,0,
eval/2026-05-19/results_PTP2_ground_truth_gen_gemma4-26b_rrf_only_anchor-on_2026-06-13_145121.json,eval/2026-05-19,2026-06-13T14:51:21,PTP2_ground_truth.json,gemma4:26b,docs_rag_qwen3,rrf_only,5,45,186361,11754,369.3,729.2,False,0,
eval/2026-05-19/results_RPC120_ground_truth_gen_gemma4-26b_cross_encoder_anchor-on_2026-05-21_010257.json,eval/2026-05-19,2026-05-21T01:02:57,RPC120_ground_truth.json,gemma4:26b,docs_rag_qwen3,cross_encoder,5,19,143324,5024,167.8,617.1,False,0,
eval/2026-05-19/results_RPC120_ground_truth_gen_gemma4-26b_embed_anchor-on_2026-05-20_194616.json,eval/2026-05-19,2026-05-20T19:46:16,RPC120_ground_truth.json,gemma4:26b,docs_rag_qwen3,embed,5,19,113806,5502,165.2,339.1,False,0,
eval/2026-05-19/results_RPC120_ground_truth_gen_gemma4-26b_rrf_only_anchor-on_2026-05-20_214414.json,eval/2026-05-19,2026-05-20T21:44:14,RPC120_ground_truth.json,gemma4:26b,docs_rag_qwen3,rrf_only,5,19,122355,5901,170.8,319.2,False,0,
eval/2026-05-19/results_RPC87_ground_truth_gen_gemma4-26b_cross_encoder_anchor-on_2026-05-21_011407.json,eval/2026-05-19,2026-05-21T01:14:07,RPC87_ground_truth.json,gemma4:26b,docs_rag_qwen3,cross_encoder,5,20,170163,6641,190.5,668.7,False,0,
eval/2026-05-19/results_RPC87_ground_truth_gen_gemma4-26b_embed_anchor-on_2026-05-20_195228.json,eval/2026-05-19,2026-05-20T19:52:28,RPC87_ground_truth.json,gemma4:26b,docs_rag_qwen3,embed,5,20,122514,7513,186.7,370.3,False,0,
eval/2026-05-19/results_RPC87_ground_truth_gen_gemma4-26b_rrf_only_anchor-on_2026-05-20_214956.json,eval/2026-05-19,2026-05-20T21:49:56,RPC87_ground_truth.json,gemma4:26b,docs_rag_qwen3,rrf_only,5,20,132445,6990,183.8,340.4,False,0,
eval/2026-05-19/results_RPC89_ground_truth_gen_gemma4-26b_cross_encoder_anchor-on_2026-06-13_164220.json,eval/2026-05-19,2026-06-13T16:42:20,RPC89_ground_truth.json,gemma4:26b,docs_rag_qwen3,cross_encoder,5,30,197009,11384,281.2,951.9,False,0,
eval/2026-05-19/results_RPC89_ground_truth_gen_gemma4-26b_embed_anchor-on_2026-06-13_140413.json,eval/2026-05-19,2026-06-13T14:04:13,RPC89_ground_truth.json,gemma4:26b,docs_rag_qwen3,embed,5,30,166086,11793,276.4,551.2,False,0,
eval/2026-05-19/results_RPC89_ground_truth_gen_gemma4-26b_rrf_only_anchor-on_2026-06-13_150003.json,eval/2026-05-19,2026-06-13T15:00:03,RPC89_ground_truth.json,gemma4:26b,docs_rag_qwen3,rrf_only,5,30,169551,11999,279.4,519.7,False,0,
eval/2026-05-19_topk10/results_LPP2013_ground_truth_gen_gemma4-26b_cross_encoder_anchor-on_2026-06-13_152054.json,eval/2026-05-19_topk10,2026-06-13T15:20:54,LPP2013_ground_truth.json,gemma4:26b,docs_rag_qwen3,cross_encoder,10,36,393932,14267,361.5,1246.8,False,0,eval/2026-05-19/results_LPP2013_ground_truth_gen_gemma4-26b_cross_encoder_anchor-on_2026-06-13_152054.json
eval/2026-05-19_topk10/results_LPP2013_ground_truth_gen_gemma4-26b_embed_anchor-on_2026-06-13_131615.json,eval/2026-05-19_topk10,2026-06-13T13:16:15,LPP2013_ground_truth.json,gemma4:26b,docs_rag_qwen3,embed,10,36,281181,14648,347.5,678.8,False,0,eval/2026-05-19/results_LPP2013_ground_truth_gen_gemma4-26b_embed_anchor-on_2026-06-13_131615.json
eval/2026-05-19_topk10/results_LPP2013_ground_truth_gen_gemma4-26b_rrf_only_anchor-on_2026-06-13_141450.json,eval/2026-05-19_topk10,2026-06-13T14:14:50,LPP2013_ground_truth.json,gemma4:26b,docs_rag_qwen3,rrf_only,10,36,291437,14183,346.8,633.1,False,0,eval/2026-05-19/results_LPP2013_ground_truth_gen_gemma4-26b_rrf_only_anchor-on_2026-06-13_141450.json
eval/2026-05-19_topk10/results_PA02_ground_truth_gen_gemma4-26b_cross_encoder_anchor-on_2026-05-20_215731.json,eval/2026-05-19_topk10,2026-05-20T21:57:31,PA02_ground_truth.json,gemma4:26b,docs_rag_qwen3,cross_encoder,10,15,66476,5436,135.6,452.3,False,0,eval/2026-05-19/results_PA02_ground_truth_gen_gemma4-26b_cross_encoder_anchor-on_2026-05-20_215731.json
eval/2026-05-19_topk10/results_PA02_ground_truth_gen_gemma4-26b_embed_anchor-on_2026-05-20_175215.json,eval/2026-05-19_topk10,2026-05-20T17:52:15,PA02_ground_truth.json,gemma4:26b,docs_rag_qwen3,embed,10,15,59434,4184,124.8,254.6,False,0,eval/2026-05-19/results_PA02_ground_truth_gen_gemma4-26b_embed_anchor-on_2026-05-20_175215.json
eval/2026-05-19_topk10/results_PA02_ground_truth_gen_gemma4-26b_rrf_only_anchor-on_2026-05-20_195636.json,eval/2026-05-19_topk10,2026-05-20T19:56:36,PA02_ground_truth.json,gemma4:26b,docs_rag_qwen3,rrf_only,10,15,60324,4760,128.6,246.8,False,0,eval/2026-05-19/results_PA02_ground_truth_gen_gemma4-26b_rrf_only_anchor-on_2026-05-20_195636.json
eval/2026-05-19_topk10/results_PA06_ground_truth_gen_gemma4-26b_cross_encoder_anchor-on_2026-05-20_220600.json,eval/2026-05-19_topk10,2026-05-20T22:06:00,PA06_ground_truth.json,gemma4:26b,docs_rag_qwen3,cross_encoder,10,16,92486,4518,139.0,508.1,False,0,eval/2026-05-19/results_PA06_ground_truth_gen_gemma4-26b_cross_encoder_anchor-on_2026-05-20_220600.json
eval/2026-05-19_topk10/results_PA06_ground_truth_gen_gemma4-26b_embed_anchor-on_2026-05-20_175652.json,eval/2026-05-19_topk10,2026-05-20T17:56:52,PA06_ground_truth.json,gemma4:26b,docs_rag_qwen3,embed,10,16,78597,3994,132.4,275.9,False,0,eval/2026-05-19/results_PA06_ground_truth_gen_gemma4-26b_embed_anchor-on_2026-05-20_175652.json
eval/2026-05-19_topk10/results_PA06_ground_truth_gen_gemma4-26b_rrf_only_anchor-on_2026-05-20_200052.json,eval/2026-05-19_topk10,2026-05-20T20:00:52,PA06_ground_truth.json,gemma4:26b,docs_rag_qwen3,rrf_only,10,16,75081,4023,131.6,254.5,False,0,eval/2026-05-19/results_PA06_ground_truth_gen_gemma4-26b_rrf_only_anchor-on_2026-05-20_200052.json
eval/2026-05-19_topk10/results_PA121_ground_truth_gen_gemma4-26b_cross_encoder_anchor-on_2026-06-13_153308.json,eval/2026-05-19_topk10,2026-06-13T15:33:08,PA121_ground_truth.json,gemma4:26b,docs_rag_qwen3,cross_encoder,10,28,93211,10044,243.0,731.3,False,0,eval/2026-05-19/results_PA121_ground_truth_gen_gemma4-26b_cross_encoder_anchor-on_2026-06-13_153308.json
eval/2026-05-19_topk10/results_PA121_ground_truth_gen_gemma4-26b_embed_anchor-on_2026-06-13_132415.json,eval/2026-05-19_topk10,2026-06-13T13:24:15,PA121_ground_truth.json,gemma4:26b,docs_rag_qwen3,embed,10,28,70009,8333,226.8,477.2,False,0,eval/2026-05-19/results_PA121_ground_truth_gen_gemma4-26b_embed_anchor-on_2026-06-13_132415.json
eval/2026-05-19_topk10/results_PA121_ground_truth_gen_gemma4-26b_rrf_only_anchor-on_2026-06-13_142224.json,eval/2026-05-19_topk10,2026-06-13T14:22:24,PA121_ground_truth.json,gemma4:26b,docs_rag_qwen3,rrf_only,10,28,75131,8299,228.2,451.9,False,0,eval/2026-05-19/results_PA121_ground_truth_gen_gemma4-26b_rrf_only_anchor-on_2026-06-13_142224.json
eval/2026-05-19_topk10/results_PA178_ground_truth_gen_gemma4-26b_cross_encoder_anchor-on_2026-05-20_222010.json,eval/2026-05-19_topk10,2026-05-20T22:20:10,PA178_ground_truth.json,gemma4:26b,docs_rag_qwen3,cross_encoder,10,26,176953,11080,252.3,848.2,False,0,eval/2026-05-19/results_PA178_ground_truth_gen_gemma4-26b_cross_encoder_anchor-on_2026-05-20_222010.json
eval/2026-05-19_topk10/results_PA178_ground_truth_gen_gemma4-26b_embed_anchor-on_2026-05-20_180458.json,eval/2026-05-19_topk10,2026-05-20T18:04:58,PA178_ground_truth.json,gemma4:26b,docs_rag_qwen3,embed,10,26,159133,10681,249.8,483.7,False,0,eval/2026-05-19/results_PA178_ground_truth_gen_gemma4-26b_embed_anchor-on_2026-05-20_180458.json
eval/2026-05-19_topk10/results_PA178_ground_truth_gen_gemma4-26b_rrf_only_anchor-on_2026-05-20_200823.json,eval/2026-05-19_topk10,2026-05-20T20:08:23,PA178_ground_truth.json,gemma4:26b,docs_rag_qwen3,rrf_only,10,26,164685,10255,247.4,448.9,False,0,eval/2026-05-19/results_PA178_ground_truth_gen_gemma4-26b_rrf_only_anchor-on_2026-05-20_200823.json
eval/2026-05-19_topk10/results_PA17_ground_truth_gen_gemma4-26b_cross_encoder_anchor-on_2026-05-20_223221.json,eval/2026-05-19_topk10,2026-05-20T22:32:21,PA17_ground_truth.json,gemma4:26b,docs_rag_qwen3,cross_encoder,10,30,127617,10027,260.7,727.9,False,0,eval/2026-05-19/results_PA17_ground_truth_gen_gemma4-26b_cross_encoder_anchor-on_2026-05-20_223221.json
eval/2026-05-19_topk10/results_PA17_ground_truth_gen_gemma4-26b_embed_anchor-on_2026-05-20_181341.json,eval/2026-05-19_topk10,2026-05-20T18:13:41,PA17_ground_truth.json,gemma4:26b,docs_rag_qwen3,embed,10,30,109140,9749,256.1,520.6,False,0,eval/2026-05-19/results_PA17_ground_truth_gen_gemma4-26b_embed_anchor-on_2026-05-20_181341.json
eval/2026-05-19_topk10/results_PA17_ground_truth_gen_gemma4-26b_rrf_only_anchor-on_2026-05-20_201638.json,eval/2026-05-19_topk10,2026-05-20T20:16:38,PA17_ground_truth.json,gemma4:26b,docs_rag_qwen3,rrf_only,10,30,109280,9447,256.9,492.3,False,0,eval/2026-05-19/results_PA17_ground_truth_gen_gemma4-26b_rrf_only_anchor-on_2026-05-20_201638.json
eval/2026-05-19_topk10/results_PA195_ground_truth_gen_gemma4-26b_cross_encoder_anchor-on_2026-05-20_224438.json,eval/2026-05-19_topk10,2026-05-20T22:44:38,PA195_ground_truth.json,gemma4:26b,docs_rag_qwen3,cross_encoder,10,30,96887,12200,270.8,734.0,False,0,eval/2026-05-19/results_PA195_ground_truth_gen_gemma4-26b_cross_encoder_anchor-on_2026-05-20_224438.json
eval/2026-05-19_topk10/results_PA195_ground_truth_gen_gemma4-26b_embed_anchor-on_2026-05-20_182233.json,eval/2026-05-19_topk10,2026-05-20T18:22:33,PA195_ground_truth.json,gemma4:26b,docs_rag_qwen3,embed,10,30,102087,11296,265.9,529.3,False,0,eval/2026-05-19/results_PA195_ground_truth_gen_gemma4-26b_embed_anchor-on_2026-05-20_182233.json
eval/2026-05-19_topk10/results_PA195_ground_truth_gen_gemma4-26b_rrf_only_anchor-on_2026-05-20_202506.json,eval/2026-05-19_topk10,2026-05-20T20:25:06,PA195_ground_truth.json,gemma4:26b,docs_rag_qwen3,rrf_only,10,30,115551,11485,272.3,505.8,False,0,eval/2026-05-19/results_PA195_ground_truth_gen_gemma4-26b_rrf_only_anchor-on_2026-05-20_202506.json
eval/2026-05-19_topk10/results_PA199_ground_truth_gen_gemma4-26b_cross_encoder_anchor-on_2026-05-20_225853.json,eval/2026-05-19_topk10,2026-05-20T22:58:53,PA199_ground_truth.json,gemma4:26b,docs_rag_qwen3,cross_encoder,10,28,135694,11519,264.1,852.7,False,0,eval/2026-05-19/results_PA199_ground_truth_gen_gemma4-26b_cross_encoder_anchor-on_2026-05-20_225853.json
eval/2026-05-19_topk10/results_PA199_ground_truth_gen_gemma4-26b_embed_anchor-on_2026-05-20_183052.json,eval/2026-05-19_topk10,2026-05-20T18:30:52,PA199_ground_truth.json,gemma4:26b,docs_rag_qwen3,embed,10,28,104142,10139,248.5,496.6,False,0,eval/2026-05-19/results_PA199_ground_truth_gen_gemma4-26b_embed_anchor-on_2026-05-20_183052.json
eval/2026-05-19_topk10/results_PA199_ground_truth_gen_gemma4-26b_rrf_only_anchor-on_2026-05-20_203301.json,eval/2026-05-19_topk10,2026-05-20T20:33:01,PA199_ground_truth.json,gemma4:26b,docs_rag_qwen3,rrf_only,10,28,117635,10354,251.4,472.7,False,0,eval/2026-05-19/results_PA199_ground_truth_gen_gemma4-26b_rrf_only_anchor-on_2026-05-20_203301.json
eval/2026-05-19_topk10/results_PA201_ground_truth_gen_gemma4-26b_cross_encoder_anchor-on_2026-05-20_230612.json,eval/2026-05-19_topk10,2026-05-20T23:06:12,PA201_ground_truth.json,gemma4:26b,docs_rag_qwen3,cross_encoder,10,18,66945,7037,162.7,437.9,False,0,eval/2026-05-19/results_PA201_ground_truth_gen_gemma4-26b_cross_encoder_anchor-on_2026-05-20_230612.json
eval/2026-05-19_topk10/results_PA201_ground_truth_gen_gemma4-26b_embed_anchor-on_2026-05-20_183618.json,eval/2026-05-19_topk10,2026-05-20T18:36:18,PA201_ground_truth.json,gemma4:26b,docs_rag_qwen3,embed,10,18,57135,7712,166.9,324.0,False,0,eval/2026-05-19/results_PA201_ground_truth_gen_gemma4-26b_embed_anchor-on_2026-05-20_183618.json
eval/2026-05-19_topk10/results_PA201_ground_truth_gen_gemma4-26b_rrf_only_anchor-on_2026-05-20_203813.json,eval/2026-05-19_topk10,2026-05-20T20:38:13,PA201_ground_truth.json,gemma4:26b,docs_rag_qwen3,rrf_only,10,18,59681,8154,170.6,310.8,False,0,eval/2026-05-19/results_PA201_ground_truth_gen_gemma4-26b_rrf_only_anchor-on_2026-05-20_203813.json
eval/2026-05-19_topk10/results_PA26_ground_truth_gen_gemma4-26b_cross_encoder_anchor-on_2026-05-20_231707.json,eval/2026-05-19_topk10,2026-05-20T23:17:07,PA26_ground_truth.json,gemma4:26b,docs_rag_qwen3,cross_encoder,10,25,120399,7156,213.4,653.5,False,0,eval/2026-05-19/results_PA26_ground_truth_gen_gemma4-26b_cross_encoder_anchor-on_2026-05-20_231707.json
eval/2026-05-19_topk10/results_PA26_ground_truth_gen_gemma4-26b_embed_anchor-on_2026-05-20_184321.json,eval/2026-05-19_topk10,2026-05-20T18:43:21,PA26_ground_truth.json,gemma4:26b,docs_rag_qwen3,embed,10,25,88931,6137,199.5,420.3,False,0,eval/2026-05-19/results_PA26_ground_truth_gen_gemma4-26b_embed_anchor-on_2026-05-20_184321.json
eval/2026-05-19_topk10/results_PA26_ground_truth_gen_gemma4-26b_rrf_only_anchor-on_2026-05-20_204456.json,eval/2026-05-19_topk10,2026-05-20T20:44:56,PA26_ground_truth.json,gemma4:26b,docs_rag_qwen3,rrf_only,10,25,87486,6812,205.3,400.8,False,0,eval/2026-05-19/results_PA26_ground_truth_gen_gemma4-26b_rrf_only_anchor-on_2026-05-20_204456.json
eval/2026-05-19_topk10/results_PA46_ground_truth_gen_gemma4-26b_cross_encoder_anchor-on_2026-05-20_233814.json,eval/2026-05-19_topk10,2026-05-20T23:38:14,PA46_grounf_truth.json,gemma4:26b,docs_rag_qwen3,cross_encoder,10,40,276442,16419,391.0,1262.8,False,0,eval/2026-05-19/results_PA46_grounf_truth_gen_gemma4-26b_cross_encoder_anchor-on_2026-05-20_233814.json
eval/2026-05-19_topk10/results_PA46_ground_truth_gen_gemma4-26b_embed_anchor-on_2026-05-20_185528.json,eval/2026-05-19_topk10,2026-05-20T18:55:28,PA46_grounf_truth.json,gemma4:26b,docs_rag_qwen3,embed,10,40,206520,14787,368.4,723.8,False,0,eval/2026-05-19/results_PA46_grounf_truth_gen_gemma4-26b_embed_anchor-on_2026-05-20_185528.json
eval/2026-05-19_topk10/results_PA46_ground_truth_gen_gemma4-26b_rrf_only_anchor-on_2026-05-20_205618.json,eval/2026-05-19_topk10,2026-05-20T20:56:18,PA46_grounf_truth.json,gemma4:26b,docs_rag_qwen3,rrf_only,10,40,205996,14033,362.7,678.7,False,0,eval/2026-05-19/results_PA46_grounf_truth_gen_gemma4-26b_rrf_only_anchor-on_2026-05-20_205618.json
eval/2026-05-19_topk10/results_PC08_ground_truth_gen_gemma4-26b_cross_encoder_anchor-on_2026-05-20_235333.json,eval/2026-05-19_topk10,2026-05-20T23:53:33,PC08_ground_truth.json,gemma4:26b,docs_rag_qwen3,cross_encoder,10,29,163900,14736,299.8,916.5,False,0,eval/2026-05-19/results_PC08_ground_truth_gen_gemma4-26b_cross_encoder_anchor-on_2026-05-20_235333.json
eval/2026-05-19_topk10/results_PC08_ground_truth_gen_gemma4-26b_embed_anchor-on_2026-05-20_190441.json,eval/2026-05-19_topk10,2026-05-20T19:04:41,PC08_ground_truth.json,gemma4:26b,docs_rag_qwen3,embed,10,29,146718,14261,289.3,551.0,False,0,eval/2026-05-19/results_PC08_ground_truth_gen_gemma4-26b_embed_anchor-on_2026-05-20_190441.json
eval/2026-05-19_topk10/results_PC08_ground_truth_gen_gemma4-26b_rrf_only_anchor-on_2026-05-20_210450.json,eval/2026-05-19_topk10,2026-05-20T21:04:50,PC08_ground_truth.json,gemma4:26b,docs_rag_qwen3,rrf_only,10,29,144683,13337,283.3,510.4,False,0,eval/2026-05-19/results_PC08_ground_truth_gen_gemma4-26b_rrf_only_anchor-on_2026-05-20_210450.json
eval/2026-05-19_topk10/results_PC67_ground_truth_gen_gemma4-26b_cross_encoder_anchor-on_2026-05-21_000808.json,eval/2026-05-19_topk10,2026-05-21T00:08:08,PC67_ground_truth.json,gemma4:26b,docs_rag_qwen3,cross_encoder,10,30,143515,10186,269.9,872.6,False,0,eval/2026-05-19/results_PC67_ground_truth_gen_gemma4-26b_cross_encoder_anchor-on_2026-05-21_000808.json
eval/2026-05-19_topk10/results_PC67_ground_truth_gen_gemma4-26b_embed_anchor-on_2026-05-20_191335.json,eval/2026-05-19_topk10,2026-05-20T19:13:35,PC67_ground_truth.json,gemma4:26b,docs_rag_qwen3,embed,10,30,132527,10385,266.9,531.5,False,0,eval/2026-05-19/results_PC67_ground_truth_gen_gemma4-26b_embed_anchor-on_2026-05-20_191335.json
eval/2026-05-19_topk10/results_PC67_ground_truth_gen_gemma4-26b_rrf_only_anchor-on_2026-05-20_211321.json,eval/2026-05-19_topk10,2026-05-20T21:13:21,PC67_ground_truth.json,gemma4:26b,docs_rag_qwen3,rrf_only,10,30,155337,10738,274.4,508.7,False,0,eval/2026-05-19/results_PC67_ground_truth_gen_gemma4-26b_rrf_only_anchor-on_2026-05-20_211321.json
eval/2026-05-19_topk10/results_PC73_ground_truth_gen_gemma4-26b_cross_encoder_anchor-on_2026-05-21_002129.json,eval/2026-05-19_topk10,2026-05-21T00:21:29,PC73_ground_truth.json,gemma4:26b,docs_rag_qwen3,cross_encoder,10,30,93549,10168,257.2,799.1,False,0,eval/2026-05-19/results_PC73_ground_truth_gen_gemma4-26b_cross_encoder_anchor-on_2026-05-21_002129.json
eval/2026-05-19_topk10/results_PC73_ground_truth_gen_gemma4-26b_embed_anchor-on_2026-05-20_192224.json,eval/2026-05-19_topk10,2026-05-20T19:22:24,PC73_ground_truth.json,gemma4:26b,docs_rag_qwen3,embed,10,30,98393,11194,265.9,526.3,False,0,eval/2026-05-19/results_PC73_ground_truth_gen_gemma4-26b_embed_anchor-on_2026-05-20_192224.json
eval/2026-05-19_topk10/results_PC73_ground_truth_gen_gemma4-26b_rrf_only_anchor-on_2026-05-20_212142.json,eval/2026-05-19_topk10,2026-05-20T21:21:42,PC73_ground_truth.json,gemma4:26b,docs_rag_qwen3,rrf_only,10,30,103550,11372,265.0,498.9,False,0,eval/2026-05-19/results_PC73_ground_truth_gen_gemma4-26b_rrf_only_anchor-on_2026-05-20_212142.json
eval/2026-05-19_topk10/results_PE27_ground_truth_gen_gemma4-26b_cross_encoder_anchor-on_2026-05-21_003707.json,eval/2026-05-19_topk10,2026-05-21T00:37:07,PE27_ground_truth.json,gemma4:26b,docs_rag_qwen3,cross_encoder,10,30,183161,12968,293.8,934.8,False,0,eval/2026-05-19/results_PE27_ground_truth_gen_gemma4-26b_cross_encoder_anchor-on_2026-05-21_003707.json
eval/2026-05-19_topk10/results_PE27_ground_truth_gen_gemma4-26b_embed_anchor-on_2026-05-20_193141.json,eval/2026-05-19_topk10,2026-05-20T19:31:41,PE27_ground_truth.json,gemma4:26b,docs_rag_qwen3,embed,10,30,163028,11887,282.2,553.4,False,0,eval/2026-05-19/results_PE27_ground_truth_gen_gemma4-26b_embed_anchor-on_2026-05-20_193141.json
eval/2026-05-19_topk10/results_PE27_ground_truth_gen_gemma4-26b_rrf_only_anchor-on_2026-05-20_213027.json,eval/2026-05-19_topk10,2026-05-20T21:30:27,PE27_ground_truth.json,gemma4:26b,docs_rag_qwen3,rrf_only,10,30,162531,12358,285.2,522.6,False,0,eval/2026-05-19/results_PE27_ground_truth_gen_gemma4-26b_rrf_only_anchor-on_2026-05-20_213027.json
eval/2026-05-19_topk10/results_PO05_ground_truth_gen_gemma4-26b_cross_encoder_anchor-on_2026-06-13_154842.json,eval/2026-05-19_topk10,2026-06-13T15:48:42,PO05_ground_truth.json,gemma4:26b,docs_rag_qwen3,cross_encoder,10,30,155503,9877,262.7,931.8,False,0,eval/2026-05-19/results_PO05_ground_truth_gen_gemma4-26b_cross_encoder_anchor-on_2026-06-13_154842.json
eval/2026-05-19_topk10/results_PO05_ground_truth_gen_gemma4-26b_embed_anchor-on_2026-06-13_133302.json,eval/2026-05-19_topk10,2026-06-13T13:33:02,PO05_ground_truth.json,gemma4:26b,docs_rag_qwen3,embed,10,30,142382,8727,254.5,524.7,False,0,eval/2026-05-19/results_PO05_ground_truth_gen_gemma4-26b_embed_anchor-on_2026-06-13_133302.json
eval/2026-05-19_topk10/results_PO05_ground_truth_gen_gemma4-26b_rrf_only_anchor-on_2026-06-13_143044.json,eval/2026-05-19_topk10,2026-06-13T14:30:44,PO05_ground_truth.json,gemma4:26b,docs_rag_qwen3,rrf_only,10,30,139318,9046,255.4,497.1,False,0,eval/2026-05-19/results_PO05_ground_truth_gen_gemma4-26b_rrf_only_anchor-on_2026-06-13_143044.json
eval/2026-05-19_topk10/results_PO108_ground_truth_gen_gemma4-26b_cross_encoder_anchor-on_2026-05-21_005239.json,eval/2026-05-19_topk10,2026-05-21T00:52:39,PO108_ground_truth.json,gemma4:26b,docs_rag_qwen3,cross_encoder,10,30,173668,10923,277.9,929.2,False,0,eval/2026-05-19/results_PO108_ground_truth_gen_gemma4-26b_cross_encoder_anchor-on_2026-05-21_005239.json
eval/2026-05-19_topk10/results_PO108_ground_truth_gen_gemma4-26b_embed_anchor-on_2026-05-20_194035.json,eval/2026-05-19_topk10,2026-05-20T19:40:35,PO108_ground_truth.json,gemma4:26b,docs_rag_qwen3,embed,10,30,126675,11178,269.8,531.9,False,0,eval/2026-05-19/results_PO108_ground_truth_gen_gemma4-26b_embed_anchor-on_2026-05-20_194035.json
eval/2026-05-19_topk10/results_PO108_ground_truth_gen_gemma4-26b_rrf_only_anchor-on_2026-05-20_213854.json,eval/2026-05-19_topk10,2026-05-20T21:38:54,PO108_ground_truth.json,gemma4:26b,docs_rag_qwen3,rrf_only,10,30,133242,10957,269.6,504.4,False,0,eval/2026-05-19/results_PO108_ground_truth_gen_gemma4-26b_rrf_only_anchor-on_2026-05-20_213854.json
eval/2026-05-19_topk10/results_PO19_ground_truth_gen_gemma4-26b_cross_encoder_anchor-on_2026-06-13_160249.json,eval/2026-05-19_topk10,2026-06-13T16:02:49,PO19_ground_truth.json,gemma4:26b,docs_rag_qwen3,cross_encoder,10,30,189851,8430,257.3,845.0,False,0,eval/2026-05-19/results_PO19_ground_truth_gen_gemma4-26b_cross_encoder_anchor-on_2026-06-13_160249.json
eval/2026-05-19_topk10/results_PO19_ground_truth_gen_gemma4-26b_embed_anchor-on_2026-06-13_134202.json,eval/2026-05-19_topk10,2026-06-13T13:42:02,PO19_ground_truth.json,gemma4:26b,docs_rag_qwen3,embed,10,30,165049,8721,257.1,536.8,False,0,eval/2026-05-19/results_PO19_ground_truth_gen_gemma4-26b_embed_anchor-on_2026-06-13_134202.json
eval/2026-05-19_topk10/results_PO19_ground_truth_gen_gemma4-26b_rrf_only_anchor-on_2026-06-13_143908.json,eval/2026-05-19_topk10,2026-06-13T14:39:08,PO19_ground_truth.json,gemma4:26b,docs_rag_qwen3,rrf_only,10,30,176622,9192,260.6,501.1,False,0,eval/2026-05-19/results_PO19_ground_truth_gen_gemma4-26b_rrf_only_anchor-on_2026-06-13_143908.json
eval/2026-05-19_topk10/results_PTP2_ground_truth_gen_gemma4-26b_cross_encoder_anchor-on_2026-06-13_162626.json,eval/2026-05-19_topk10,2026-06-13T16:26:26,PTP2_ground_truth.json,gemma4:26b,docs_rag_qwen3,cross_encoder,10,45,236528,12629,379.6,1412.6,False,0,eval/2026-05-19/results_PTP2_ground_truth_gen_gemma4-26b_cross_encoder_anchor-on_2026-06-13_162626.json
eval/2026-05-19_topk10/results_PTP2_ground_truth_gen_gemma4-26b_embed_anchor-on_2026-06-13_135500.json,eval/2026-05-19_topk10,2026-06-13T13:55:00,PTP2_ground_truth.json,gemma4:26b,docs_rag_qwen3,embed,10,45,185840,11849,368.2,773.7,False,0,eval/2026-05-19/results_PTP2_ground_truth_gen_gemma4-26b_embed_anchor-on_2026-06-13_135500.json
eval/2026-05-19_topk10/results_PTP2_ground_truth_gen_gemma4-26b_rrf_only_anchor-on_2026-06-13_145121.json,eval/2026-05-19_topk10,2026-06-13T14:51:21,PTP2_ground_truth.json,gemma4:26b,docs_rag_qwen3,rrf_only,10,45,186361,11754,369.3,729.2,False,0,eval/2026-05-19/results_PTP2_ground_truth_gen_gemma4-26b_rrf_only_anchor-on_2026-06-13_145121.json
eval/2026-05-19_topk10/results_RPC120_ground_truth_gen_gemma4-26b_cross_encoder_anchor-on_2026-05-21_010257.json,eval/2026-05-19_topk10,2026-05-21T01:02:57,RPC120_ground_truth.json,gemma4:26b,docs_rag_qwen3,cross_encoder,10,19,143324,5024,167.8,617.1,False,0,eval/2026-05-19/results_RPC120_ground_truth_gen_gemma4-26b_cross_encoder_anchor-on_2026-05-21_010257.json
eval/2026-05-19_topk10/results_RPC120_ground_truth_gen_gemma4-26b_embed_anchor-on_2026-05-20_194616.json,eval/2026-05-19_topk10,2026-05-20T19:46:16,RPC120_ground_truth.json,gemma4:26b,docs_rag_qwen3,embed,10,19,113806,5502,165.2,339.1,False,0,eval/2026-05-19/results_RPC120_ground_truth_gen_gemma4-26b_embed_anchor-on_2026-05-20_194616.json
eval/2026-05-19_topk10/results_RPC120_ground_truth_gen_gemma4-26b_rrf_only_anchor-on_2026-05-20_214414.json,eval/2026-05-19_topk10,2026-05-20T21:44:14,RPC120_ground_truth.json,gemma4:26b,docs_rag_qwen3,rrf_only,10,19,122355,5901,170.8,319.2,False,0,eval/2026-05-19/results_RPC120_ground_truth_gen_gemma4-26b_rrf_only_anchor-on_2026-05-20_214414.json
eval/2026-05-19_topk10/results_RPC87_ground_truth_gen_gemma4-26b_cross_encoder_anchor-on_2026-05-21_011407.json,eval/2026-05-19_topk10,2026-05-21T01:14:07,RPC87_ground_truth.json,gemma4:26b,docs_rag_qwen3,cross_encoder,10,20,170163,6641,190.5,668.7,False,0,eval/2026-05-19/results_RPC87_ground_truth_gen_gemma4-26b_cross_encoder_anchor-on_2026-05-21_011407.json
eval/2026-05-19_topk10/results_RPC87_ground_truth_gen_gemma4-26b_embed_anchor-on_2026-05-20_195228.json,eval/2026-05-19_topk10,2026-05-20T19:52:28,RPC87_ground_truth.json,gemma4:26b,docs_rag_qwen3,embed,10,20,122514,7513,186.7,370.3,False,0,eval/2026-05-19/results_RPC87_ground_truth_gen_gemma4-26b_embed_anchor-on_2026-05-20_195228.json
eval/2026-05-19_topk10/results_RPC87_ground_truth_gen_gemma4-26b_rrf_only_anchor-on_2026-05-20_214956.json,eval/2026-05-19_topk10,2026-05-20T21:49:56,RPC87_ground_truth.json,gemma4:26b,docs_rag_qwen3,rrf_only,10,20,132445,6990,183.8,340.4,False,0,eval/2026-05-19/results_RPC87_ground_truth_gen_gemma4-26b_rrf_only_anchor-on_2026-05-20_214956.json
eval/2026-05-19_topk10/results_RPC89_ground_truth_gen_gemma4-26b_cross_encoder_anchor-on_2026-06-13_164220.json,eval/2026-05-19_topk10,2026-06-13T16:42:20,RPC89_ground_truth.json,gemma4:26b,docs_rag_qwen3,cross_encoder,10,30,197009,11384,281.2,951.9,False,0,eval/2026-05-19/results_RPC89_ground_truth_gen_gemma4-26b_cross_encoder_anchor-on_2026-06-13_164220.json
eval/2026-05-19_topk10/results_RPC89_ground_truth_gen_gemma4-26b_embed_anchor-on_2026-06-13_140413.json,eval/2026-05-19_topk10,2026-06-13T14:04:13,RPC89_ground_truth.json,gemma4:26b,docs_rag_qwen3,embed,10,30,166086,11793,276.4,551.2,False,0,eval/2026-05-19/results_RPC89_ground_truth_gen_gemma4-26b_embed_anchor-on_2026-06-13_140413.json
eval/2026-05-19_topk10/results_RPC89_ground_truth_gen_gemma4-26b_rrf_only_anchor-on_2026-06-13_150003.json,eval/2026-05-19_topk10,2026-06-13T15:00:03,RPC89_ground_truth.json,gemma4:26b,docs_rag_qwen3,rrf_only,10,30,169551,11999,279.4,519.7,False,0,eval/2026-05-19/results_RPC89_ground_truth_gen_gemma4-26b_rrf_only_anchor-on_2026-06-13_150003.json
eval/2026-05-28_qwen3-06b/results_PA02_ground_truth_embed_anchor-on_2026-05-28_124817.json,eval/2026-05-28_qwen3-06b,2026-05-28T12:48:17,PA02_ground_truth.json,,docs_rag_qwen3_06b,embed,5,15,0,0,0.0,128.3,True,50,
eval/2026-05-28_qwen3-06b/results_PA02_ground_truth_rrf_only_anchor-on_2026-05-28_103837.json,eval/2026-05-28_qwen3-06b,2026-05-28T10:38:37,PA02_ground_truth.json,,docs_rag_qwen3_06b,rrf_only,5,15,0,0,0.0,120.0,True,52,
eval/2026-05-28_qwen3-06b/results_PA06_ground_truth_embed_anchor-on_2026-05-28_125038.json,eval/2026-05-28_qwen3-06b,2026-05-28T12:50:38,PA06_ground_truth.json,,docs_rag_qwen3_06b,embed,5,16,0,0,0.0,139.8,True,51,
eval/2026-05-28_qwen3-06b/results_PA06_ground_truth_rrf_only_anchor-on_2026-05-28_104048.json,eval/2026-05-28_qwen3-06b,2026-05-28T10:40:48,PA06_ground_truth.json,,docs_rag_qwen3_06b,rrf_only,5,16,0,0,0.0,129.8,True,53,
eval/2026-05-28_qwen3-06b/results_PA178_ground_truth_embed_anchor-on_2026-05-28_125844.json,eval/2026-05-28_qwen3-06b,2026-05-28T12:58:44,PA178_ground_truth.json,,docs_rag_qwen3_06b,embed,5,26,0,0,0.0,224.9,True,61,
eval/2026-05-28_qwen3-06b/results_PA178_ground_truth_rrf_only_anchor-on_2026-05-28_104829.json,eval/2026-05-28_qwen3-06b,2026-05-28T10:48:29,PA178_ground_truth.json,,docs_rag_qwen3_06b,rrf_only,5,26,0,0,0.0,212.8,True,67,
eval/2026-05-28_qwen3-06b/results_PA17_ground_truth_embed_anchor-on_2026-05-28_125458.json,eval/2026-05-28_qwen3-06b,2026-05-28T12:54:58,PA17_ground_truth.json,,docs_rag_qwen3_06b,embed,5,30,0,0,0.0,258.3,True,65,
eval/2026-05-28_qwen3-06b/results_PA17_ground_truth_rrf_only_anchor-on_2026-05-28_104455.json,eval/2026-05-28_qwen3-06b,2026-05-28T10:44:55,PA17_ground_truth.json,,docs_rag_qwen3_06b,rrf_only,5,30,0,0,0.0,245.8,True,71,
eval/2026-05-28_qwen3-06b/results_PA195_ground_truth_embed_anchor-on_2026-05-28_130302.json,eval/2026-05-28_qwen3-06b,2026-05-28T13:03:02,PA195_ground_truth.json,,docs_rag_qwen3_06b,embed,5,30,0,0,0.0,256.1,True,64,
eval/2026-05-28_qwen3-06b/results_PA195_ground_truth_rrf_only_anchor-on_2026-05-28_105205.json,eval/2026-05-28_qwen3-06b,2026-05-28T10:52:05,PA195_ground_truth.json,,docs_rag_qwen3_06b,rrf_only,5,30,0,0,0.0,214.6,True,64,
eval/2026-05-28_qwen3-06b/results_PA199_ground_truth_embed_anchor-on_2026-05-28_130705.json,eval/2026-05-28_qwen3-06b,2026-05-28T13:07:05,PA199_ground_truth.json,,docs_rag_qwen3_06b,embed,5,28,0,0,0.0,242.4,True,63,
eval/2026-05-28_qwen3-06b/results_PA199_ground_truth_rrf_only_anchor-on_2026-05-28_105553.json,eval/2026-05-28_qwen3-06b,2026-05-28T10:55:53,PA199_ground_truth.json,,docs_rag_qwen3_06b,rrf_only,5,28,0,0,0.0,226.6,True,65,
eval/2026-05-28_qwen3-06b/results_PA201_ground_truth_embed_anchor-on_2026-05-28_130942.json,eval/2026-05-28_qwen3-06b,2026-05-28T13:09:42,PA201_ground_truth.json,,docs_rag_qwen3_06b,embed,5,18,0,0,0.0,155.4,True,53,
eval/2026-05-28_qwen3-06b/results_PA201_ground_truth_rrf_only_anchor-on_2026-05-28_105819.json,eval/2026-05-28_qwen3-06b,2026-05-28T10:58:19,PA201_ground_truth.json,,docs_rag_qwen3_06b,rrf_only,5,18,0,0,0.0,145.7,True,55,
eval/2026-05-28_qwen3-06b/results_PA26_ground_truth_embed_anchor-on_2026-05-28_131319.json,eval/2026-05-28_qwen3-06b,2026-05-28T13:13:19,PA26_ground_truth.json,,docs_rag_qwen3_06b,embed,5,25,0,0,0.0,216.0,True,60,
eval/2026-05-28_qwen3-06b/results_PA26_ground_truth_rrf_only_anchor-on_2026-05-28_110144.json,eval/2026-05-28_qwen3-06b,2026-05-28T11:01:44,PA26_ground_truth.json,,docs_rag_qwen3_06b,rrf_only,5,25,0,0,0.0,203.7,True,62,
eval/2026-05-28_qwen3-06b/results_PA46_grounf_truth_embed_anchor-on_2026-05-28_131904.json,eval/2026-05-28_qwen3-06b,2026-05-28T13:19:04,PA46_grounf_truth.json,,docs_rag_qwen3_06b,embed,5,40,0,0,0.0,342.5,True,74,
eval/2026-05-28_qwen3-06b/results_PA46_grounf_truth_rrf_only_anchor-on_2026-05-28_110712.json,eval/2026-05-28_qwen3-06b,2026-05-28T11:07:12,PA46_grounf_truth.json,,docs_rag_qwen3_06b,rrf_only,5,40,0,0,0.0,325.8,True,77,
eval/2026-05-28_qwen3-06b/results_PC08_ground_truth_embed_anchor-on_2026-05-28_132317.json,eval/2026-05-28_qwen3-06b,2026-05-28T13:23:17,PC08_ground_truth.json,,docs_rag_qwen3_06b,embed,5,29,0,0,0.0,251.9,True,64,
eval/2026-05-28_qwen3-06b/results_PC08_ground_truth_rrf_only_anchor-on_2026-05-28_111109.json,eval/2026-05-28_qwen3-06b,2026-05-28T11:11:09,PC08_ground_truth.json,,docs_rag_qwen3_06b,rrf_only,5,29,0,0,0.0,235.9,True,55,
eval/2026-05-28_qwen3-06b/results_PC67_ground_truth_embed_anchor-on_2026-05-28_132738.json,eval/2026-05-28_qwen3-06b,2026-05-28T13:27:38,PC67_ground_truth.json,,docs_rag_qwen3_06b,embed,5,30,0,0,0.0,259.3,True,65,
eval/2026-05-28_qwen3-06b/results_PC67_ground_truth_rrf_only_anchor-on_2026-05-28_111515.json,eval/2026-05-28_qwen3-06b,2026-05-28T11:15:15,PC67_ground_truth.json,,docs_rag_qwen3_06b,rrf_only,5,30,0,0,0.0,245.0,True,25,
eval/2026-05-28_qwen3-06b/results_PC73_ground_truth_embed_anchor-on_2026-05-28_133157.json,eval/2026-05-28_qwen3-06b,2026-05-28T13:31:57,PC73_ground_truth.json,,docs_rag_qwen3_06b,embed,5,30,0,0,0.0,256.8,True,64,
eval/2026-05-28_qwen3-06b/results_PC73_ground_truth_rrf_only_anchor-on_2026-05-28_111931.json,eval/2026-05-28_qwen3-06b,2026-05-28T11:19:31,PC73_ground_truth.json,,docs_rag_qwen3_06b,rrf_only,5,24,0,0,0.0,195.1,False,0,
eval/2026-05-28_qwen3-06b/results_PE27_ground_truth_embed_anchor-on_2026-05-28_133621.json,eval/2026-05-28_qwen3-06b,2026-05-28T13:36:21,PE27_ground_truth.json,,docs_rag_qwen3_06b,embed,5,30,0,0,0.0,262.7,True,65,
eval/2026-05-28_qwen3-06b/results_PE27_ground_truth_rrf_only_anchor-on_2026-05-28_123532.json,eval/2026-05-28_qwen3-06b,2026-05-28T12:35:32,PE27_ground_truth.json,,docs_rag_qwen3_06b,rrf_only,5,30,0,0,0.0,245.6,True,31,
eval/2026-05-28_qwen3-06b/results_PO108_ground_truth_embed_anchor-on_2026-05-28_134041.json,eval/2026-05-28_qwen3-06b,2026-05-28T13:40:41,PO108_ground_truth.json,,docs_rag_qwen3_06b,embed,5,30,0,0,0.0,258.6,True,40,
eval/2026-05-28_qwen3-06b/results_PO108_ground_truth_rrf_only_anchor-on_2026-05-28_123938.json,eval/2026-05-28_qwen3-06b,2026-05-28T12:39:38,PO108_ground_truth.json,,docs_rag_qwen3_06b,rrf_only,5,30,0,0,0.0,244.0,True,18,
eval/2026-05-28_qwen3-06b/results_RPC120_ground_truth_embed_anchor-on_2026-05-28_134329.json,eval/2026-05-28_qwen3-06b,2026-05-28T13:43:29,RPC120_ground_truth.json,,docs_rag_qwen3_06b,embed,5,19,0,0,0.0,167.0,True,21,
eval/2026-05-28_qwen3-06b/results_RPC120_ground_truth_rrf_only_anchor-on_2026-05-28_113309.json,eval/2026-05-28_qwen3-06b,2026-05-28T11:33:09,RPC120_ground_truth.json,,docs_rag_qwen3_06b,rrf_only,5,17,0,0,0.0,143.2,True,21,
eval/2026-05-28_qwen3-06b/results_RPC87_ground_truth_embed_anchor-on_2026-05-28_134624.json,eval/2026-05-28_qwen3-06b,2026-05-28T13:46:24,RPC87_ground_truth.json,,docs_rag_qwen3_06b,embed,5,20,0,0,0.0,174.2,False,1,
eval/2026-05-28_qwen3-06b/results_RPC87_ground_truth_rrf_only_anchor-on_2026-05-28_113553.json,eval/2026-05-28_qwen3-06b,2026-05-28T11:35:53,RPC87_ground_truth.json,,docs_rag_qwen3_06b,rrf_only,5,20,0,0,0.0,162.7,False,1,
eval/2026-05-31_06b/results_LPP2013_ground_truth_gen_gemma4-26b_cross_encoder_anchor-on_2026-06-13_200653.json,eval/2026-05-31_06b,2026-06-13T20:06:53,LPP2013_ground_truth.json,gemma4:26b,docs_rag_qwen3_06b,cross_encoder,5,36,382811,14665,359.9,1216.6,False,0,
eval/2026-05-31_06b/results_LPP2013_ground_truth_gen_gemma4-26b_embed_anchor-on_2026-06-13_180805.json,eval/2026-05-31_06b,2026-06-13T18:08:05,LPP2013_ground_truth.json,gemma4:26b,docs_rag_qwen3_06b,embed,5,36,280604,14017,341.1,631.2,False,0,
eval/2026-05-31_06b/results_LPP2013_ground_truth_gen_gemma4-26b_rrf_only_anchor-on_2026-06-13_190303.json,eval/2026-05-31_06b,2026-06-13T19:03:03,LPP2013_ground_truth.json,gemma4:26b,docs_rag_qwen3_06b,rrf_only,5,36,299821,14274,345.9,615.8,False,0,
eval/2026-05-31_06b/results_PA02_ground_truth_gen_gemma4-26b_cross_encoder_anchor-on_2026-06-01_002201.json,eval/2026-05-31_06b,2026-06-01T00:22:01,PA02_ground_truth.json,gemma4:26b,docs_rag_qwen3_06b,cross_encoder,5,15,66776,5101,144.0,436.0,False,0,
eval/2026-05-31_06b/results_PA02_ground_truth_gen_gemma4-26b_embed_anchor-on_2026-05-31_191314.json,eval/2026-05-31_06b,2026-05-31T19:13:14,PA02_ground_truth.json,gemma4:26b,docs_rag_qwen3_06b,embed,5,15,58883,4132,123.8,244.9,False,0,
eval/2026-05-31_06b/results_PA02_ground_truth_gen_gemma4-26b_rrf_only_anchor-on_2026-05-31_224035.json,eval/2026-05-31_06b,2026-05-31T22:40:35,PA02_ground_truth.json,gemma4:26b,docs_rag_qwen3_06b,rrf_only,5,15,62082,4418,128.2,243.0,False,0,
eval/2026-05-31_06b/results_PA06_ground_truth_gen_gemma4-26b_cross_encoder_anchor-on_2026-06-01_003053.json,eval/2026-05-31_06b,2026-06-01T00:30:53,PA06_ground_truth.json,gemma4:26b,docs_rag_qwen3_06b,cross_encoder,5,16,90391,4009,161.9,530.6,False,0,
eval/2026-05-31_06b/results_PA06_ground_truth_gen_gemma4-26b_embed_anchor-on_2026-05-31_191734.json,eval/2026-05-31_06b,2026-05-31T19:17:34,PA06_ground_truth.json,gemma4:26b,docs_rag_qwen3_06b,embed,5,16,67834,3595,129.0,258.9,False,0,
eval/2026-05-31_06b/results_PA06_ground_truth_gen_gemma4-26b_rrf_only_anchor-on_2026-05-31_224451.json,eval/2026-05-31_06b,2026-05-31T22:44:51,PA06_ground_truth.json,gemma4:26b,docs_rag_qwen3_06b,rrf_only,5,16,77066,4027,133.5,254.4,False,0,
eval/2026-05-31_06b/results_PA121_ground_truth_gen_gemma4-26b_cross_encoder_anchor-on_2026-06-13_201833.json,eval/2026-05-31_06b,2026-06-13T20:18:33,PA121_ground_truth.json,gemma4:26b,docs_rag_qwen3_06b,cross_encoder,5,28,96488,10570,248.7,697.5,False,0,
eval/2026-05-31_06b/results_PA121_ground_truth_gen_gemma4-26b_embed_anchor-on_2026-06-13_181529.json,eval/2026-05-31_06b,2026-06-13T18:15:29,PA121_ground_truth.json,gemma4:26b,docs_rag_qwen3_06b,embed,5,28,71378,8002,219.7,441.1,False,0,
eval/2026-05-31_06b/results_PA121_ground_truth_gen_gemma4-26b_rrf_only_anchor-on_2026-06-13_191024.json,eval/2026-05-31_06b,2026-06-13T19:10:24,PA121_ground_truth.json,gemma4:26b,docs_rag_qwen3_06b,rrf_only,5,28,73455,8177,227.4,438.4,False,0,
eval/2026-05-31_06b/results_PA178_ground_truth_gen_gemma4-26b_cross_encoder_anchor-on_2026-06-01_102837.json,eval/2026-05-31_06b,2026-06-01T10:28:37,PA178_ground_truth.json,gemma4:26b,docs_rag_qwen3_06b,cross_encoder,5,26,175175,10733,255.2,800.7,False,0,
eval/2026-05-31_06b/results_PA178_ground_truth_gen_gemma4-26b_embed_anchor-on_2026-05-31_192512.json,eval/2026-05-31_06b,2026-05-31T19:25:12,PA178_ground_truth.json,gemma4:26b,docs_rag_qwen3_06b,embed,5,26,156594,10455,247.9,455.2,False,0,
eval/2026-05-31_06b/results_PA178_ground_truth_gen_gemma4-26b_rrf_only_anchor-on_2026-05-31_225217.json,eval/2026-05-31_06b,2026-05-31T22:52:17,PA178_ground_truth.json,gemma4:26b,docs_rag_qwen3_06b,rrf_only,5,26,153322,10730,250.1,444.3,False,0,
eval/2026-05-31_06b/results_PA17_ground_truth_gen_gemma4-26b_cross_encoder_anchor-on_2026-06-01_004908.json,eval/2026-05-31_06b,2026-06-01T00:49:08,PA17_ground_truth.json,gemma4:26b,docs_rag_qwen3_06b,cross_encoder,5,30,129060,10348,269.5,716.2,False,0,
eval/2026-05-31_06b/results_PA17_ground_truth_gen_gemma4-26b_embed_anchor-on_2026-05-31_193330.json,eval/2026-05-31_06b,2026-05-31T19:33:30,PA17_ground_truth.json,gemma4:26b,docs_rag_qwen3_06b,embed,5,30,108177,9517,259.1,495.6,False,0,
eval/2026-05-31_06b/results_PA17_ground_truth_gen_gemma4-26b_rrf_only_anchor-on_2026-05-31_230019.json,eval/2026-05-31_06b,2026-05-31T23:00:19,PA17_ground_truth.json,gemma4:26b,docs_rag_qwen3_06b,rrf_only,5,30,107343,8960,251.7,479.1,False,0,
eval/2026-05-31_06b/results_PA195_ground_truth_gen_gemma4-26b_cross_encoder_anchor-on_2026-06-01_010156.json,eval/2026-05-31_06b,2026-06-01T01:01:56,PA195_ground_truth.json,gemma4:26b,docs_rag_qwen3_06b,cross_encoder,5,30,112765,10059,266.0,765.2,False,0,
eval/2026-05-31_06b/results_PA195_ground_truth_gen_gemma4-26b_embed_anchor-on_2026-05-31_194159.json,eval/2026-05-31_06b,2026-05-31T19:41:59,PA195_ground_truth.json,gemma4:26b,docs_rag_qwen3_06b,embed,5,30,102887,11074,267.3,505.4,False,0,
eval/2026-05-31_06b/results_PA195_ground_truth_gen_gemma4-26b_rrf_only_anchor-on_2026-05-31_230832.json,eval/2026-05-31_06b,2026-05-31T23:08:32,PA195_ground_truth.json,gemma4:26b,docs_rag_qwen3_06b,rrf_only,5,30,121935,10403,266.5,490.5,False,0,
eval/2026-05-31_06b/results_PA199_ground_truth_gen_gemma4-26b_cross_encoder_anchor-on_2026-06-01_011535.json,eval/2026-05-31_06b,2026-06-01T01:15:35,PA199_ground_truth.json,gemma4:26b,docs_rag_qwen3_06b,cross_encoder,5,28,134506,10738,260.4,816.7,False,0,
eval/2026-05-31_06b/results_PA199_ground_truth_gen_gemma4-26b_embed_anchor-on_2026-05-31_194958.json,eval/2026-05-31_06b,2026-05-31T19:49:58,PA199_ground_truth.json,gemma4:26b,docs_rag_qwen3_06b,embed,5,28,118502,10479,254.1,477.0,False,0,
eval/2026-05-31_06b/results_PA199_ground_truth_gen_gemma4-26b_rrf_only_anchor-on_2026-06-13_221357.json,eval/2026-05-31_06b,2026-06-13T22:13:57,PA199_ground_truth.json,gemma4:26b,docs_rag_qwen3_06b,rrf_only,5,28,117678,10492,247.2,458.7,False,0,
eval/2026-05-31_06b/results_PA201_ground_truth_gen_gemma4-26b_cross_encoder_anchor-on_2026-06-01_012306.json,eval/2026-05-31_06b,2026-06-01T01:23:06,PA201_ground_truth.json,gemma4:26b,docs_rag_qwen3_06b,cross_encoder,5,18,67959,8426,176.2,449.9,False,0,
eval/2026-05-31_06b/results_PA201_ground_truth_gen_gemma4-26b_embed_anchor-on_2026-05-31_195513.json,eval/2026-05-31_06b,2026-05-31T19:55:13,PA201_ground_truth.json,gemma4:26b,docs_rag_qwen3_06b,embed,5,18,54887,8215,169.6,312.3,False,0,
eval/2026-05-31_06b/results_PA201_ground_truth_gen_gemma4-26b_rrf_only_anchor-on_2026-05-31_232128.json,eval/2026-05-31_06b,2026-05-31T23:21:28,PA201_ground_truth.json,gemma4:26b,docs_rag_qwen3_06b,rrf_only,5,18,66283,8283,172.9,309.1,False,0,
eval/2026-05-31_06b/results_PA26_ground_truth_gen_gemma4-26b_cross_encoder_anchor-on_2026-06-13_215135.json,eval/2026-05-31_06b,2026-06-13T21:51:35,PA26_ground_truth.json,gemma4:26b,docs_rag_qwen3_06b,cross_encoder,5,25,114263,5781,199.9,651.7,False,0,
eval/2026-05-31_06b/results_PA26_ground_truth_gen_gemma4-26b_embed_anchor-on_2026-05-31_200158.json,eval/2026-05-31_06b,2026-05-31T20:01:58,PA26_ground_truth.json,gemma4:26b,docs_rag_qwen3_06b,embed,5,25,93358,6145,203.9,403.1,False,0,
eval/2026-05-31_06b/results_PA26_ground_truth_gen_gemma4-26b_rrf_only_anchor-on_2026-05-31_232805.json,eval/2026-05-31_06b,2026-05-31T23:28:05,PA26_ground_truth.json,gemma4:26b,docs_rag_qwen3_06b,rrf_only,5,25,93738,6451,205.4,395.1,False,0,
eval/2026-05-31_06b/results_PA46_ground_truth_gen_gemma4-26b_cross_encoder_anchor-on_2026-06-01_101421.json,eval/2026-05-31_06b,2026-06-01T10:14:21,PA46_ground_truth.json,gemma4:26b,docs_rag_qwen3_06b,cross_encoder,5,40,271984,15420,386.1,1253.2,False,0,
eval/2026-05-31_06b/results_PA46_ground_truth_gen_gemma4-26b_rrf_only_anchor-on_2026-06-01_095324.json,eval/2026-05-31_06b,2026-06-01T09:53:24,PA46_ground_truth.json,gemma4:26b,docs_rag_qwen3_06b,rrf_only,5,40,202048,14203,363.1,666.5,False,0,
eval/2026-05-31_06b/results_PA46_grounf_truth_gen_gemma4-26b_embed_anchor-on_2026-05-31_201327.json,eval/2026-05-31_06b,2026-05-31T20:13:27,PA46_grounf_truth.json,gemma4:26b,docs_rag_qwen3_06b,embed,5,40,201050,14615,365.6,684.8,False,0,
eval/2026-05-31_06b/results_PC08_ground_truth_gen_gemma4-26b_cross_encoder_anchor-on_2026-06-13_220615.json,eval/2026-05-31_06b,2026-06-13T22:06:15,PC08_ground_truth.json,gemma4:26b,docs_rag_qwen3_06b,cross_encoder,5,29,161984,13939,287.0,876.9,False,0,
eval/2026-05-31_06b/results_PC08_ground_truth_gen_gemma4-26b_embed_anchor-on_2026-05-31_202156.json,eval/2026-05-31_06b,2026-05-31T20:21:56,PC08_ground_truth.json,gemma4:26b,docs_rag_qwen3_06b,embed,5,29,136791,12627,277.9,506.2,False,0,
eval/2026-05-31_06b/results_PC08_ground_truth_gen_gemma4-26b_rrf_only_anchor-on_2026-05-31_233628.json,eval/2026-05-31_06b,2026-05-31T23:36:28,PC08_ground_truth.json,gemma4:26b,docs_rag_qwen3_06b,rrf_only,5,29,152281,12454,280.7,500.7,False,0,
eval/2026-05-31_06b/results_PC67_ground_truth_gen_gemma4-26b_cross_encoder_anchor-on_2026-06-01_015659.json,eval/2026-05-31_06b,2026-06-01T01:56:59,PC67_ground_truth.json,gemma4:26b,docs_rag_qwen3_06b,cross_encoder,5,30,139408,10164,275.0,871.1,False,0,
eval/2026-05-31_06b/results_PC67_ground_truth_gen_gemma4-26b_embed_anchor-on_2026-05-31_203032.json,eval/2026-05-31_06b,2026-05-31T20:30:32,PC67_ground_truth.json,gemma4:26b,docs_rag_qwen3_06b,embed,5,30,123998,11344,274.1,513.6,False,0,
eval/2026-05-31_06b/results_PC67_ground_truth_gen_gemma4-26b_rrf_only_anchor-on_2026-05-31_234451.json,eval/2026-05-31_06b,2026-05-31T23:44:51,PC67_ground_truth.json,gemma4:26b,docs_rag_qwen3_06b,rrf_only,5,30,147471,10200,271.1,499.9,False,0,
eval/2026-05-31_06b/results_PC73_ground_truth_gen_gemma4-26b_cross_encoder_anchor-on_2026-06-01_021010.json,eval/2026-05-31_06b,2026-06-01T02:10:10,PC73_ground_truth.json,gemma4:26b,docs_rag_qwen3_06b,cross_encoder,5,30,109001,9484,255.6,788.6,False,0,
eval/2026-05-31_06b/results_PC73_ground_truth_gen_gemma4-26b_embed_anchor-on_2026-05-31_203853.json,eval/2026-05-31_06b,2026-05-31T20:38:53,PC73_ground_truth.json,gemma4:26b,docs_rag_qwen3_06b,embed,5,30,103463,10481,263.2,498.0,False,0,
eval/2026-05-31_06b/results_PC73_ground_truth_gen_gemma4-26b_rrf_only_anchor-on_2026-06-13_222156.json,eval/2026-05-31_06b,2026-06-13T22:21:56,PC73_ground_truth.json,gemma4:26b,docs_rag_qwen3_06b,rrf_only,5,30,107909,10132,257.2,476.0,False,0,
eval/2026-05-31_06b/results_PE27_ground_truth_gen_gemma4-26b_cross_encoder_anchor-on_2026-06-01_022524.json,eval/2026-05-31_06b,2026-06-01T02:25:24,PE27_ground_truth.json,gemma4:26b,docs_rag_qwen3_06b,cross_encoder,5,30,182340,12198,288.1,911.3,False,0,
eval/2026-05-31_06b/results_PE27_ground_truth_gen_gemma4-26b_embed_anchor-on_2026-05-31_204739.json,eval/2026-05-31_06b,2026-05-31T20:47:39,PE27_ground_truth.json,gemma4:26b,docs_rag_qwen3_06b,embed,5,30,157467,11667,280.9,523.2,False,0,
eval/2026-05-31_06b/results_PE27_ground_truth_gen_gemma4-26b_rrf_only_anchor-on_2026-06-13_223008.json,eval/2026-05-31_06b,2026-06-13T22:30:08,PE27_ground_truth.json,gemma4:26b,docs_rag_qwen3_06b,rrf_only,5,30,153195,10384,259.1,484.3,False,0,
eval/2026-05-31_06b/results_PO05_ground_truth_gen_gemma4-26b_cross_encoder_anchor-on_2026-06-13_203401.json,eval/2026-05-31_06b,2026-06-13T20:34:01,PO05_ground_truth.json,gemma4:26b,docs_rag_qwen3_06b,cross_encoder,5,30,156273,9910,264.1,926.0,False,0,
eval/2026-05-31_06b/results_PO05_ground_truth_gen_gemma4-26b_embed_anchor-on_2026-06-13_182344.json,eval/2026-05-31_06b,2026-06-13T18:23:44,PO05_ground_truth.json,gemma4:26b,docs_rag_qwen3_06b,embed,5,30,136359,8894,252.4,492.0,False,0,
eval/2026-05-31_06b/results_PO05_ground_truth_gen_gemma4-26b_rrf_only_anchor-on_2026-06-13_191821.json,eval/2026-05-31_06b,2026-06-13T19:18:21,PO05_ground_truth.json,gemma4:26b,docs_rag_qwen3_06b,rrf_only,5,30,138645,8521,248.7,475.0,False,0,
eval/2026-05-31_06b/results_PO108_ground_truth_gen_gemma4-26b_cross_encoder_anchor-on_2026-06-01_024040.json,eval/2026-05-31_06b,2026-06-01T02:40:40,PO108_ground_truth.json,gemma4:26b,docs_rag_qwen3_06b,cross_encoder,5,30,176927,11004,281.3,914.1,False,0,
eval/2026-05-31_06b/results_PO108_ground_truth_gen_gemma4-26b_embed_anchor-on_2026-05-31_205609.json,eval/2026-05-31_06b,2026-05-31T20:56:09,PO108_ground_truth.json,gemma4:26b,docs_rag_qwen3_06b,embed,5,30,125687,10722,268.3,506.7,False,0,
eval/2026-05-31_06b/results_PO108_ground_truth_gen_gemma4-26b_rrf_only_anchor-on_2026-06-13_223817.json,eval/2026-05-31_06b,2026-06-13T22:38:17,PO108_ground_truth.json,gemma4:26b,docs_rag_qwen3_06b,rrf_only,5,30,120045,10597,262.2,486.2,False,0,
eval/2026-05-31_06b/results_PO19_ground_truth_gen_gemma4-26b_cross_encoder_anchor-on_2026-06-13_204753.json,eval/2026-05-31_06b,2026-06-13T20:47:53,PO19_ground_truth.json,gemma4:26b,docs_rag_qwen3_06b,cross_encoder,5,30,184345,8428,256.4,829.5,False,0,
eval/2026-05-31_06b/results_PO19_ground_truth_gen_gemma4-26b_embed_anchor-on_2026-06-13_183200.json,eval/2026-05-31_06b,2026-06-13T18:32:00,PO19_ground_truth.json,gemma4:26b,docs_rag_qwen3_06b,embed,5,30,162648,8584,252.5,494.1,False,0,
eval/2026-05-31_06b/results_PO19_ground_truth_gen_gemma4-26b_rrf_only_anchor-on_2026-06-13_192625.json,eval/2026-05-31_06b,2026-06-13T19:26:25,PO19_ground_truth.json,gemma4:26b,docs_rag_qwen3_06b,rrf_only,5,30,169443,8419,253.9,481.5,False,0,
eval/2026-05-31_06b/results_PTP2_ground_truth_gen_gemma4-26b_cross_encoder_anchor-on_2026-06-13_211041.json,eval/2026-05-31_06b,2026-06-13T21:10:41,PTP2_ground_truth.json,gemma4:26b,docs_rag_qwen3_06b,cross_encoder,5,45,225438,12210,377.1,1363.9,False,0,
eval/2026-05-31_06b/results_PTP2_ground_truth_gen_gemma4-26b_embed_anchor-on_2026-06-13_184413.json,eval/2026-05-31_06b,2026-06-13T18:44:13,PTP2_ground_truth.json,gemma4:26b,docs_rag_qwen3_06b,embed,5,45,172338,11944,367.7,728.7,False,0,
eval/2026-05-31_06b/results_PTP2_ground_truth_gen_gemma4-26b_rrf_only_anchor-on_2026-06-13_193812.json,eval/2026-05-31_06b,2026-06-13T19:38:12,PTP2_ground_truth.json,gemma4:26b,docs_rag_qwen3_06b,rrf_only,5,45,171400,12086,365.7,703.0,False,0,
eval/2026-05-31_06b/results_RPC120_ground_truth_gen_gemma4-26b_cross_encoder_anchor-on_2026-06-01_025109.json,eval/2026-05-31_06b,2026-06-01T02:51:09,RPC120_ground_truth.json,gemma4:26b,docs_rag_qwen3_06b,cross_encoder,5,19,152397,6658,182.5,627.0,False,0,
eval/2026-05-31_06b/results_RPC120_ground_truth_gen_gemma4-26b_embed_anchor-on_2026-05-31_223002.json,eval/2026-05-31_06b,2026-05-31T22:30:02,RPC120_ground_truth.json,gemma4:26b,docs_rag_qwen3_06b,embed,5,19,103827,6033,168.8,323.8,False,0,
eval/2026-05-31_06b/results_RPC120_ground_truth_gen_gemma4-26b_rrf_only_anchor-on_2026-06-13_224322.json,eval/2026-05-31_06b,2026-06-13T22:43:22,RPC120_ground_truth.json,gemma4:26b,docs_rag_qwen3_06b,rrf_only,5,19,111624,5395,161.8,303.9,False,0,
eval/2026-05-31_06b/results_RPC87_ground_truth_gen_gemma4-26b_cross_encoder_anchor-on_2026-06-01_030214.json,eval/2026-05-31_06b,2026-06-01T03:02:14,RPC87_ground_truth.json,gemma4:26b,docs_rag_qwen3_06b,cross_encoder,5,20,169938,7255,195.5,663.0,False,0,
eval/2026-05-31_06b/results_RPC87_ground_truth_gen_gemma4-26b_embed_anchor-on_2026-06-13_214041.json,eval/2026-05-31_06b,2026-06-13T21:40:41,RPC87_ground_truth.json,gemma4:26b,docs_rag_qwen3_06b,embed,5,20,117483,6761,178.5,339.4,False,0,
eval/2026-05-31_06b/results_RPC87_ground_truth_gen_gemma4-26b_rrf_only_anchor-on_2026-06-13_224850.json,eval/2026-05-31_06b,2026-06-13T22:48:50,RPC87_ground_truth.json,gemma4:26b,docs_rag_qwen3_06b,rrf_only,5,20,117340,7027,177.1,325.7,False,0,
eval/2026-05-31_06b/results_RPC89_ground_truth_gen_gemma4-26b_cross_encoder_anchor-on_2026-06-13_212558.json,eval/2026-05-31_06b,2026-06-13T21:25:58,RPC89_ground_truth.json,gemma4:26b,docs_rag_qwen3_06b,cross_encoder,5,30,199075,11226,278.5,914.6,False,0,
eval/2026-05-31_06b/results_RPC89_ground_truth_gen_gemma4-26b_embed_anchor-on_2026-06-13_185244.json,eval/2026-05-31_06b,2026-06-13T18:52:44,RPC89_ground_truth.json,gemma4:26b,docs_rag_qwen3_06b,embed,5,30,153613,10802,271.3,507.8,False,0,
eval/2026-05-31_06b/results_RPC89_ground_truth_gen_gemma4-26b_rrf_only_anchor-on_2026-06-13_194633.json,eval/2026-05-31_06b,2026-06-13T19:46:33,RPC89_ground_truth.json,gemma4:26b,docs_rag_qwen3_06b,rrf_only,5,30,159730,11193,272.6,497.7,False,0,
eval/2026-05-31_06b_topk10/results_LPP2013_ground_truth_gen_gemma4-26b_cross_encoder_anchor-on_2026-06-13_200653.json,eval/2026-05-31_06b_topk10,2026-06-13T20:06:53,LPP2013_ground_truth.json,gemma4:26b,docs_rag_qwen3_06b,cross_encoder,10,36,382811,14665,359.9,1216.6,False,0,eval/2026-05-31_06b/results_LPP2013_ground_truth_gen_gemma4-26b_cross_encoder_anchor-on_2026-06-13_200653.json
eval/2026-05-31_06b_topk10/results_LPP2013_ground_truth_gen_gemma4-26b_embed_anchor-on_2026-06-13_180805.json,eval/2026-05-31_06b_topk10,2026-06-13T18:08:05,LPP2013_ground_truth.json,gemma4:26b,docs_rag_qwen3_06b,embed,10,36,280604,14017,341.1,631.2,False,0,eval/2026-05-31_06b/results_LPP2013_ground_truth_gen_gemma4-26b_embed_anchor-on_2026-06-13_180805.json
eval/2026-05-31_06b_topk10/results_LPP2013_ground_truth_gen_gemma4-26b_rrf_only_anchor-on_2026-06-13_190303.json,eval/2026-05-31_06b_topk10,2026-06-13T19:03:03,LPP2013_ground_truth.json,gemma4:26b,docs_rag_qwen3_06b,rrf_only,10,36,299821,14274,345.9,615.8,False,0,eval/2026-05-31_06b/results_LPP2013_ground_truth_gen_gemma4-26b_rrf_only_anchor-on_2026-06-13_190303.json
eval/2026-05-31_06b_topk10/results_PA02_ground_truth_gen_gemma4-26b_cross_encoder_anchor-on_2026-06-01_002201.json,eval/2026-05-31_06b_topk10,2026-06-01T00:22:01,PA02_ground_truth.json,gemma4:26b,docs_rag_qwen3_06b,cross_encoder,10,15,66776,5101,144.0,436.0,False,0,eval/2026-05-31_06b/results_PA02_ground_truth_gen_gemma4-26b_cross_encoder_anchor-on_2026-06-01_002201.json
eval/2026-05-31_06b_topk10/results_PA02_ground_truth_gen_gemma4-26b_embed_anchor-on_2026-05-31_191314.json,eval/2026-05-31_06b_topk10,2026-05-31T19:13:14,PA02_ground_truth.json,gemma4:26b,docs_rag_qwen3_06b,embed,10,15,58883,4132,123.8,244.9,False,0,eval/2026-05-31_06b/results_PA02_ground_truth_gen_gemma4-26b_embed_anchor-on_2026-05-31_191314.json
eval/2026-05-31_06b_topk10/results_PA02_ground_truth_gen_gemma4-26b_rrf_only_anchor-on_2026-05-31_224035.json,eval/2026-05-31_06b_topk10,2026-05-31T22:40:35,PA02_ground_truth.json,gemma4:26b,docs_rag_qwen3_06b,rrf_only,10,15,62082,4418,128.2,243.0,False,0,eval/2026-05-31_06b/results_PA02_ground_truth_gen_gemma4-26b_rrf_only_anchor-on_2026-05-31_224035.json
eval/2026-05-31_06b_topk10/results_PA06_ground_truth_gen_gemma4-26b_cross_encoder_anchor-on_2026-06-01_003053.json,eval/2026-05-31_06b_topk10,2026-06-01T00:30:53,PA06_ground_truth.json,gemma4:26b,docs_rag_qwen3_06b,cross_encoder,10,16,90391,4009,161.9,530.6,False,0,eval/2026-05-31_06b/results_PA06_ground_truth_gen_gemma4-26b_cross_encoder_anchor-on_2026-06-01_003053.json
eval/2026-05-31_06b_topk10/results_PA06_ground_truth_gen_gemma4-26b_embed_anchor-on_2026-05-31_191734.json,eval/2026-05-31_06b_topk10,2026-05-31T19:17:34,PA06_ground_truth.json,gemma4:26b,docs_rag_qwen3_06b,embed,10,16,67834,3595,129.0,258.9,False,0,eval/2026-05-31_06b/results_PA06_ground_truth_gen_gemma4-26b_embed_anchor-on_2026-05-31_191734.json
eval/2026-05-31_06b_topk10/results_PA06_ground_truth_gen_gemma4-26b_rrf_only_anchor-on_2026-05-31_224451.json,eval/2026-05-31_06b_topk10,2026-05-31T22:44:51,PA06_ground_truth.json,gemma4:26b,docs_rag_qwen3_06b,rrf_only,10,16,77066,4027,133.5,254.4,False,0,eval/2026-05-31_06b/results_PA06_ground_truth_gen_gemma4-26b_rrf_only_anchor-on_2026-05-31_224451.json
eval/2026-05-31_06b_topk10/results_PA121_ground_truth_gen_gemma4-26b_cross_encoder_anchor-on_2026-06-13_201833.json,eval/2026-05-31_06b_topk10,2026-06-13T20:18:33,PA121_ground_truth.json,gemma4:26b,docs_rag_qwen3_06b,cross_encoder,10,28,96488,10570,248.7,697.5,False,0,eval/2026-05-31_06b/results_PA121_ground_truth_gen_gemma4-26b_cross_encoder_anchor-on_2026-06-13_201833.json
eval/2026-05-31_06b_topk10/results_PA121_ground_truth_gen_gemma4-26b_embed_anchor-on_2026-06-13_181529.json,eval/2026-05-31_06b_topk10,2026-06-13T18:15:29,PA121_ground_truth.json,gemma4:26b,docs_rag_qwen3_06b,embed,10,28,71378,8002,219.7,441.1,False,0,eval/2026-05-31_06b/results_PA121_ground_truth_gen_gemma4-26b_embed_anchor-on_2026-06-13_181529.json
eval/2026-05-31_06b_topk10/results_PA121_ground_truth_gen_gemma4-26b_rrf_only_anchor-on_2026-06-13_191024.json,eval/2026-05-31_06b_topk10,2026-06-13T19:10:24,PA121_ground_truth.json,gemma4:26b,docs_rag_qwen3_06b,rrf_only,10,28,73455,8177,227.4,438.4,False,0,eval/2026-05-31_06b/results_PA121_ground_truth_gen_gemma4-26b_rrf_only_anchor-on_2026-06-13_191024.json
eval/2026-05-31_06b_topk10/results_PA178_ground_truth_gen_gemma4-26b_cross_encoder_anchor-on_2026-06-01_102837.json,eval/2026-05-31_06b_topk10,2026-06-01T10:28:37,PA178_ground_truth.json,gemma4:26b,docs_rag_qwen3_06b,cross_encoder,10,26,175175,10733,255.2,800.7,False,0,eval/2026-05-31_06b/results_PA178_ground_truth_gen_gemma4-26b_cross_encoder_anchor-on_2026-06-01_102837.json
eval/2026-05-31_06b_topk10/results_PA178_ground_truth_gen_gemma4-26b_embed_anchor-on_2026-05-31_192512.json,eval/2026-05-31_06b_topk10,2026-05-31T19:25:12,PA178_ground_truth.json,gemma4:26b,docs_rag_qwen3_06b,embed,10,26,156594,10455,247.9,455.2,False,0,eval/2026-05-31_06b/results_PA178_ground_truth_gen_gemma4-26b_embed_anchor-on_2026-05-31_192512.json
eval/2026-05-31_06b_topk10/results_PA178_ground_truth_gen_gemma4-26b_rrf_only_anchor-on_2026-05-31_225217.json,eval/2026-05-31_06b_topk10,2026-05-31T22:52:17,PA178_ground_truth.json,gemma4:26b,docs_rag_qwen3_06b,rrf_only,10,26,153322,10730,250.1,444.3,False,0,eval/2026-05-31_06b/results_PA178_ground_truth_gen_gemma4-26b_rrf_only_anchor-on_2026-05-31_225217.json
eval/2026-05-31_06b_topk10/results_PA17_ground_truth_gen_gemma4-26b_cross_encoder_anchor-on_2026-06-01_004908.json,eval/2026-05-31_06b_topk10,2026-06-01T00:49:08,PA17_ground_truth.json,gemma4:26b,docs_rag_qwen3_06b,cross_encoder,10,30,129060,10348,269.5,716.2,False,0,eval/2026-05-31_06b/results_PA17_ground_truth_gen_gemma4-26b_cross_encoder_anchor-on_2026-06-01_004908.json
eval/2026-05-31_06b_topk10/results_PA17_ground_truth_gen_gemma4-26b_embed_anchor-on_2026-05-31_193330.json,eval/2026-05-31_06b_topk10,2026-05-31T19:33:30,PA17_ground_truth.json,gemma4:26b,docs_rag_qwen3_06b,embed,10,30,108177,9517,259.1,495.6,False,0,eval/2026-05-31_06b/results_PA17_ground_truth_gen_gemma4-26b_embed_anchor-on_2026-05-31_193330.json
eval/2026-05-31_06b_topk10/results_PA17_ground_truth_gen_gemma4-26b_rrf_only_anchor-on_2026-05-31_230019.json,eval/2026-05-31_06b_topk10,2026-05-31T23:00:19,PA17_ground_truth.json,gemma4:26b,docs_rag_qwen3_06b,rrf_only,10,30,107343,8960,251.7,479.1,False,0,eval/2026-05-31_06b/results_PA17_ground_truth_gen_gemma4-26b_rrf_only_anchor-on_2026-05-31_230019.json
eval/2026-05-31_06b_topk10/results_PA195_ground_truth_gen_gemma4-26b_cross_encoder_anchor-on_2026-06-01_010156.json,eval/2026-05-31_06b_topk10,2026-06-01T01:01:56,PA195_ground_truth.json,gemma4:26b,docs_rag_qwen3_06b,cross_encoder,10,30,112765,10059,266.0,765.2,False,0,eval/2026-05-31_06b/results_PA195_ground_truth_gen_gemma4-26b_cross_encoder_anchor-on_2026-06-01_010156.json
eval/2026-05-31_06b_topk10/results_PA195_ground_truth_gen_gemma4-26b_embed_anchor-on_2026-05-31_194159.json,eval/2026-05-31_06b_topk10,2026-05-31T19:41:59,PA195_ground_truth.json,gemma4:26b,docs_rag_qwen3_06b,embed,10,30,102887,11074,267.3,505.4,False,0,eval/2026-05-31_06b/results_PA195_ground_truth_gen_gemma4-26b_embed_anchor-on_2026-05-31_194159.json
eval/2026-05-31_06b_topk10/results_PA195_ground_truth_gen_gemma4-26b_rrf_only_anchor-on_2026-05-31_230832.json,eval/2026-05-31_06b_topk10,2026-05-31T23:08:32,PA195_ground_truth.json,gemma4:26b,docs_rag_qwen3_06b,rrf_only,10,30,121935,10403,266.5,490.5,False,0,eval/2026-05-31_06b/results_PA195_ground_truth_gen_gemma4-26b_rrf_only_anchor-on_2026-05-31_230832.json
eval/2026-05-31_06b_topk10/results_PA199_ground_truth_gen_gemma4-26b_cross_encoder_anchor-on_2026-06-01_011535.json,eval/2026-05-31_06b_topk10,2026-06-01T01:15:35,PA199_ground_truth.json,gemma4:26b,docs_rag_qwen3_06b,cross_encoder,10,28,134506,10738,260.4,816.7,False,0,eval/2026-05-31_06b/results_PA199_ground_truth_gen_gemma4-26b_cross_encoder_anchor-on_2026-06-01_011535.json
eval/2026-05-31_06b_topk10/results_PA199_ground_truth_gen_gemma4-26b_embed_anchor-on_2026-05-31_194958.json,eval/2026-05-31_06b_topk10,2026-05-31T19:49:58,PA199_ground_truth.json,gemma4:26b,docs_rag_qwen3_06b,embed,10,28,118502,10479,254.1,477.0,False,0,eval/2026-05-31_06b/results_PA199_ground_truth_gen_gemma4-26b_embed_anchor-on_2026-05-31_194958.json
eval/2026-05-31_06b_topk10/results_PA199_ground_truth_gen_gemma4-26b_rrf_only_anchor-on_2026-06-13_221357.json,eval/2026-05-31_06b_topk10,2026-06-13T22:13:57,PA199_ground_truth.json,gemma4:26b,docs_rag_qwen3_06b,rrf_only,10,28,117678,10492,247.2,458.7,False,0,eval/2026-05-31_06b/results_PA199_ground_truth_gen_gemma4-26b_rrf_only_anchor-on_2026-06-13_221357.json
eval/2026-05-31_06b_topk10/results_PA201_ground_truth_gen_gemma4-26b_cross_encoder_anchor-on_2026-06-01_012306.json,eval/2026-05-31_06b_topk10,2026-06-01T01:23:06,PA201_ground_truth.json,gemma4:26b,docs_rag_qwen3_06b,cross_encoder,10,18,67959,8426,176.2,449.9,False,0,eval/2026-05-31_06b/results_PA201_ground_truth_gen_gemma4-26b_cross_encoder_anchor-on_2026-06-01_012306.json
eval/2026-05-31_06b_topk10/results_PA201_ground_truth_gen_gemma4-26b_embed_anchor-on_2026-05-31_195513.json,eval/2026-05-31_06b_topk10,2026-05-31T19:55:13,PA201_ground_truth.json,gemma4:26b,docs_rag_qwen3_06b,embed,10,18,54887,8215,169.6,312.3,False,0,eval/2026-05-31_06b/results_PA201_ground_truth_gen_gemma4-26b_embed_anchor-on_2026-05-31_195513.json
eval/2026-05-31_06b_topk10/results_PA201_ground_truth_gen_gemma4-26b_rrf_only_anchor-on_2026-05-31_232128.json,eval/2026-05-31_06b_topk10,2026-05-31T23:21:28,PA201_ground_truth.json,gemma4:26b,docs_rag_qwen3_06b,rrf_only,10,18,66283,8283,172.9,309.1,False,0,eval/2026-05-31_06b/results_PA201_ground_truth_gen_gemma4-26b_rrf_only_anchor-on_2026-05-31_232128.json
eval/2026-05-31_06b_topk10/results_PA26_ground_truth_gen_gemma4-26b_cross_encoder_anchor-on_2026-06-13_215135.json,eval/2026-05-31_06b_topk10,2026-06-13T21:51:35,PA26_ground_truth.json,gemma4:26b,docs_rag_qwen3_06b,cross_encoder,10,25,114263,5781,199.9,651.7,False,0,eval/2026-05-31_06b/results_PA26_ground_truth_gen_gemma4-26b_cross_encoder_anchor-on_2026-06-13_215135.json
eval/2026-05-31_06b_topk10/results_PA26_ground_truth_gen_gemma4-26b_embed_anchor-on_2026-05-31_200158.json,eval/2026-05-31_06b_topk10,2026-05-31T20:01:58,PA26_ground_truth.json,gemma4:26b,docs_rag_qwen3_06b,embed,10,25,93358,6145,203.9,403.1,False,0,eval/2026-05-31_06b/results_PA26_ground_truth_gen_gemma4-26b_embed_anchor-on_2026-05-31_200158.json
eval/2026-05-31_06b_topk10/results_PA26_ground_truth_gen_gemma4-26b_rrf_only_anchor-on_2026-05-31_232805.json,eval/2026-05-31_06b_topk10,2026-05-31T23:28:05,PA26_ground_truth.json,gemma4:26b,docs_rag_qwen3_06b,rrf_only,10,25,93738,6451,205.4,395.1,False,0,eval/2026-05-31_06b/results_PA26_ground_truth_gen_gemma4-26b_rrf_only_anchor-on_2026-05-31_232805.json
eval/2026-05-31_06b_topk10/results_PA46_ground_truth_gen_gemma4-26b_cross_encoder_anchor-on_2026-06-01_101421.json,eval/2026-05-31_06b_topk10,2026-06-01T10:14:21,PA46_ground_truth.json,gemma4:26b,docs_rag_qwen3_06b,cross_encoder,10,40,271984,15420,386.1,1253.2,False,0,eval/2026-05-31_06b/results_PA46_ground_truth_gen_gemma4-26b_cross_encoder_anchor-on_2026-06-01_101421.json
eval/2026-05-31_06b_topk10/results_PA46_ground_truth_gen_gemma4-26b_rrf_only_anchor-on_2026-06-01_095324.json,eval/2026-05-31_06b_topk10,2026-06-01T09:53:24,PA46_ground_truth.json,gemma4:26b,docs_rag_qwen3_06b,rrf_only,10,40,202048,14203,363.1,666.5,False,0,eval/2026-05-31_06b/results_PA46_ground_truth_gen_gemma4-26b_rrf_only_anchor-on_2026-06-01_095324.json
eval/2026-05-31_06b_topk10/results_PA46_grounf_truth_gen_gemma4-26b_embed_anchor-on_2026-05-31_201327.json,eval/2026-05-31_06b_topk10,2026-05-31T20:13:27,PA46_grounf_truth.json,gemma4:26b,docs_rag_qwen3_06b,embed,10,40,201050,14615,365.6,684.8,False,0,eval/2026-05-31_06b/results_PA46_grounf_truth_gen_gemma4-26b_embed_anchor-on_2026-05-31_201327.json
eval/2026-05-31_06b_topk10/results_PC08_ground_truth_gen_gemma4-26b_cross_encoder_anchor-on_2026-06-13_220615.json,eval/2026-05-31_06b_topk10,2026-06-13T22:06:15,PC08_ground_truth.json,gemma4:26b,docs_rag_qwen3_06b,cross_encoder,10,29,161984,13939,287.0,876.9,False,0,eval/2026-05-31_06b/results_PC08_ground_truth_gen_gemma4-26b_cross_encoder_anchor-on_2026-06-13_220615.json
eval/2026-05-31_06b_topk10/results_PC08_ground_truth_gen_gemma4-26b_embed_anchor-on_2026-05-31_202156.json,eval/2026-05-31_06b_topk10,2026-05-31T20:21:56,PC08_ground_truth.json,gemma4:26b,docs_rag_qwen3_06b,embed,10,29,136791,12627,277.9,506.2,False,0,eval/2026-05-31_06b/results_PC08_ground_truth_gen_gemma4-26b_embed_anchor-on_2026-05-31_202156.json
eval/2026-05-31_06b_topk10/results_PC08_ground_truth_gen_gemma4-26b_rrf_only_anchor-on_2026-05-31_233628.json,eval/2026-05-31_06b_topk10,2026-05-31T23:36:28,PC08_ground_truth.json,gemma4:26b,docs_rag_qwen3_06b,rrf_only,10,29,152281,12454,280.7,500.7,False,0,eval/2026-05-31_06b/results_PC08_ground_truth_gen_gemma4-26b_rrf_only_anchor-on_2026-05-31_233628.json
eval/2026-05-31_06b_topk10/results_PC67_ground_truth_gen_gemma4-26b_cross_encoder_anchor-on_2026-06-01_015659.json,eval/2026-05-31_06b_topk10,2026-06-01T01:56:59,PC67_ground_truth.json,gemma4:26b,docs_rag_qwen3_06b,cross_encoder,10,30,139408,10164,275.0,871.1,False,0,eval/2026-05-31_06b/results_PC67_ground_truth_gen_gemma4-26b_cross_encoder_anchor-on_2026-06-01_015659.json
eval/2026-05-31_06b_topk10/results_PC67_ground_truth_gen_gemma4-26b_embed_anchor-on_2026-05-31_203032.json,eval/2026-05-31_06b_topk10,2026-05-31T20:30:32,PC67_ground_truth.json,gemma4:26b,docs_rag_qwen3_06b,embed,10,30,123998,11344,274.1,513.6,False,0,eval/2026-05-31_06b/results_PC67_ground_truth_gen_gemma4-26b_embed_anchor-on_2026-05-31_203032.json
eval/2026-05-31_06b_topk10/results_PC67_ground_truth_gen_gemma4-26b_rrf_only_anchor-on_2026-05-31_234451.json,eval/2026-05-31_06b_topk10,2026-05-31T23:44:51,PC67_ground_truth.json,gemma4:26b,docs_rag_qwen3_06b,rrf_only,10,30,147471,10200,271.1,499.9,False,0,eval/2026-05-31_06b/results_PC67_ground_truth_gen_gemma4-26b_rrf_only_anchor-on_2026-05-31_234451.json
eval/2026-05-31_06b_topk10/results_PC73_ground_truth_gen_gemma4-26b_cross_encoder_anchor-on_2026-06-01_021010.json,eval/2026-05-31_06b_topk10,2026-06-01T02:10:10,PC73_ground_truth.json,gemma4:26b,docs_rag_qwen3_06b,cross_encoder,10,30,109001,9484,255.6,788.6,False,0,eval/2026-05-31_06b/results_PC73_ground_truth_gen_gemma4-26b_cross_encoder_anchor-on_2026-06-01_021010.json
eval/2026-05-31_06b_topk10/results_PC73_ground_truth_gen_gemma4-26b_embed_anchor-on_2026-05-31_203853.json,eval/2026-05-31_06b_topk10,2026-05-31T20:38:53,PC73_ground_truth.json,gemma4:26b,docs_rag_qwen3_06b,embed,10,30,103463,10481,263.2,498.0,False,0,eval/2026-05-31_06b/results_PC73_ground_truth_gen_gemma4-26b_embed_anchor-on_2026-05-31_203853.json
eval/2026-05-31_06b_topk10/results_PC73_ground_truth_gen_gemma4-26b_rrf_only_anchor-on_2026-06-13_222156.json,eval/2026-05-31_06b_topk10,2026-06-13T22:21:56,PC73_ground_truth.json,gemma4:26b,docs_rag_qwen3_06b,rrf_only,10,30,107909,10132,257.2,476.0,False,0,eval/2026-05-31_06b/results_PC73_ground_truth_gen_gemma4-26b_rrf_only_anchor-on_2026-06-13_222156.json
eval/2026-05-31_06b_topk10/results_PE27_ground_truth_gen_gemma4-26b_cross_encoder_anchor-on_2026-06-01_022524.json,eval/2026-05-31_06b_topk10,2026-06-01T02:25:24,PE27_ground_truth.json,gemma4:26b,docs_rag_qwen3_06b,cross_encoder,10,30,182340,12198,288.1,911.3,False,0,eval/2026-05-31_06b/results_PE27_ground_truth_gen_gemma4-26b_cross_encoder_anchor-on_2026-06-01_022524.json
eval/2026-05-31_06b_topk10/results_PE27_ground_truth_gen_gemma4-26b_embed_anchor-on_2026-05-31_204739.json,eval/2026-05-31_06b_topk10,2026-05-31T20:47:39,PE27_ground_truth.json,gemma4:26b,docs_rag_qwen3_06b,embed,10,30,157467,11667,280.9,523.2,False,0,eval/2026-05-31_06b/results_PE27_ground_truth_gen_gemma4-26b_embed_anchor-on_2026-05-31_204739.json
eval/2026-05-31_06b_topk10/results_PE27_ground_truth_gen_gemma4-26b_rrf_only_anchor-on_2026-06-13_223008.json,eval/2026-05-31_06b_topk10,2026-06-13T22:30:08,PE27_ground_truth.json,gemma4:26b,docs_rag_qwen3_06b,rrf_only,10,30,153195,10384,259.1,484.3,False,0,eval/2026-05-31_06b/results_PE27_ground_truth_gen_gemma4-26b_rrf_only_anchor-on_2026-06-13_223008.json
eval/2026-05-31_06b_topk10/results_PO05_ground_truth_gen_gemma4-26b_cross_encoder_anchor-on_2026-06-13_203401.json,eval/2026-05-31_06b_topk10,2026-06-13T20:34:01,PO05_ground_truth.json,gemma4:26b,docs_rag_qwen3_06b,cross_encoder,10,30,156273,9910,264.1,926.0,False,0,eval/2026-05-31_06b/results_PO05_ground_truth_gen_gemma4-26b_cross_encoder_anchor-on_2026-06-13_203401.json
eval/2026-05-31_06b_topk10/results_PO05_ground_truth_gen_gemma4-26b_embed_anchor-on_2026-06-13_182344.json,eval/2026-05-31_06b_topk10,2026-06-13T18:23:44,PO05_ground_truth.json,gemma4:26b,docs_rag_qwen3_06b,embed,10,30,136359,8894,252.4,492.0,False,0,eval/2026-05-31_06b/results_PO05_ground_truth_gen_gemma4-26b_embed_anchor-on_2026-06-13_182344.json
eval/2026-05-31_06b_topk10/results_PO05_ground_truth_gen_gemma4-26b_rrf_only_anchor-on_2026-06-13_191821.json,eval/2026-05-31_06b_topk10,2026-06-13T19:18:21,PO05_ground_truth.json,gemma4:26b,docs_rag_qwen3_06b,rrf_only,10,30,138645,8521,248.7,475.0,False,0,eval/2026-05-31_06b/results_PO05_ground_truth_gen_gemma4-26b_rrf_only_anchor-on_2026-06-13_191821.json
eval/2026-05-31_06b_topk10/results_PO108_ground_truth_gen_gemma4-26b_cross_encoder_anchor-on_2026-06-01_024040.json,eval/2026-05-31_06b_topk10,2026-06-01T02:40:40,PO108_ground_truth.json,gemma4:26b,docs_rag_qwen3_06b,cross_encoder,10,30,176927,11004,281.3,914.1,False,0,eval/2026-05-31_06b/results_PO108_ground_truth_gen_gemma4-26b_cross_encoder_anchor-on_2026-06-01_024040.json
eval/2026-05-31_06b_topk10/results_PO108_ground_truth_gen_gemma4-26b_embed_anchor-on_2026-05-31_205609.json,eval/2026-05-31_06b_topk10,2026-05-31T20:56:09,PO108_ground_truth.json,gemma4:26b,docs_rag_qwen3_06b,embed,10,30,125687,10722,268.3,506.7,False,0,eval/2026-05-31_06b/results_PO108_ground_truth_gen_gemma4-26b_embed_anchor-on_2026-05-31_205609.json
eval/2026-05-31_06b_topk10/results_PO108_ground_truth_gen_gemma4-26b_rrf_only_anchor-on_2026-06-13_223817.json,eval/2026-05-31_06b_topk10,2026-06-13T22:38:17,PO108_ground_truth.json,gemma4:26b,docs_rag_qwen3_06b,rrf_only,10,30,120045,10597,262.2,486.2,False,0,eval/2026-05-31_06b/results_PO108_ground_truth_gen_gemma4-26b_rrf_only_anchor-on_2026-06-13_223817.json
eval/2026-05-31_06b_topk10/results_PO19_ground_truth_gen_gemma4-26b_cross_encoder_anchor-on_2026-06-13_204753.json,eval/2026-05-31_06b_topk10,2026-06-13T20:47:53,PO19_ground_truth.json,gemma4:26b,docs_rag_qwen3_06b,cross_encoder,10,30,184345,8428,256.4,829.5,False,0,eval/2026-05-31_06b/results_PO19_ground_truth_gen_gemma4-26b_cross_encoder_anchor-on_2026-06-13_204753.json
eval/2026-05-31_06b_topk10/results_PO19_ground_truth_gen_gemma4-26b_embed_anchor-on_2026-06-13_183200.json,eval/2026-05-31_06b_topk10,2026-06-13T18:32:00,PO19_ground_truth.json,gemma4:26b,docs_rag_qwen3_06b,embed,10,30,162648,8584,252.5,494.1,False,0,eval/2026-05-31_06b/results_PO19_ground_truth_gen_gemma4-26b_embed_anchor-on_2026-06-13_183200.json
eval/2026-05-31_06b_topk10/results_PO19_ground_truth_gen_gemma4-26b_rrf_only_anchor-on_2026-06-13_192625.json,eval/2026-05-31_06b_topk10,2026-06-13T19:26:25,PO19_ground_truth.json,gemma4:26b,docs_rag_qwen3_06b,rrf_only,10,30,169443,8419,253.9,481.5,False,0,eval/2026-05-31_06b/results_PO19_ground_truth_gen_gemma4-26b_rrf_only_anchor-on_2026-06-13_192625.json
eval/2026-05-31_06b_topk10/results_PTP2_ground_truth_gen_gemma4-26b_cross_encoder_anchor-on_2026-06-13_211041.json,eval/2026-05-31_06b_topk10,2026-06-13T21:10:41,PTP2_ground_truth.json,gemma4:26b,docs_rag_qwen3_06b,cross_encoder,10,45,225438,12210,377.1,1363.9,False,0,eval/2026-05-31_06b/results_PTP2_ground_truth_gen_gemma4-26b_cross_encoder_anchor-on_2026-06-13_211041.json
eval/2026-05-31_06b_topk10/results_PTP2_ground_truth_gen_gemma4-26b_embed_anchor-on_2026-06-13_184413.json,eval/2026-05-31_06b_topk10,2026-06-13T18:44:13,PTP2_ground_truth.json,gemma4:26b,docs_rag_qwen3_06b,embed,10,45,172338,11944,367.7,728.7,False,0,eval/2026-05-31_06b/results_PTP2_ground_truth_gen_gemma4-26b_embed_anchor-on_2026-06-13_184413.json
eval/2026-05-31_06b_topk10/results_PTP2_ground_truth_gen_gemma4-26b_rrf_only_anchor-on_2026-06-13_193812.json,eval/2026-05-31_06b_topk10,2026-06-13T19:38:12,PTP2_ground_truth.json,gemma4:26b,docs_rag_qwen3_06b,rrf_only,10,45,171400,12086,365.7,703.0,False,0,eval/2026-05-31_06b/results_PTP2_ground_truth_gen_gemma4-26b_rrf_only_anchor-on_2026-06-13_193812.json
eval/2026-05-31_06b_topk10/results_RPC120_ground_truth_gen_gemma4-26b_cross_encoder_anchor-on_2026-06-01_025109.json,eval/2026-05-31_06b_topk10,2026-06-01T02:51:09,RPC120_ground_truth.json,gemma4:26b,docs_rag_qwen3_06b,cross_encoder,10,19,152397,6658,182.5,627.0,False,0,eval/2026-05-31_06b/results_RPC120_ground_truth_gen_gemma4-26b_cross_encoder_anchor-on_2026-06-01_025109.json
eval/2026-05-31_06b_topk10/results_RPC120_ground_truth_gen_gemma4-26b_embed_anchor-on_2026-05-31_223002.json,eval/2026-05-31_06b_topk10,2026-05-31T22:30:02,RPC120_ground_truth.json,gemma4:26b,docs_rag_qwen3_06b,embed,10,19,103827,6033,168.8,323.8,False,0,eval/2026-05-31_06b/results_RPC120_ground_truth_gen_gemma4-26b_embed_anchor-on_2026-05-31_223002.json
eval/2026-05-31_06b_topk10/results_RPC120_ground_truth_gen_gemma4-26b_rrf_only_anchor-on_2026-06-13_224322.json,eval/2026-05-31_06b_topk10,2026-06-13T22:43:22,RPC120_ground_truth.json,gemma4:26b,docs_rag_qwen3_06b,rrf_only,10,19,111624,5395,161.8,303.9,False,0,eval/2026-05-31_06b/results_RPC120_ground_truth_gen_gemma4-26b_rrf_only_anchor-on_2026-06-13_224322.json
eval/2026-05-31_06b_topk10/results_RPC87_ground_truth_gen_gemma4-26b_cross_encoder_anchor-on_2026-06-01_030214.json,eval/2026-05-31_06b_topk10,2026-06-01T03:02:14,RPC87_ground_truth.json,gemma4:26b,docs_rag_qwen3_06b,cross_encoder,10,20,169938,7255,195.5,663.0,False,0,eval/2026-05-31_06b/results_RPC87_ground_truth_gen_gemma4-26b_cross_encoder_anchor-on_2026-06-01_030214.json
eval/2026-05-31_06b_topk10/results_RPC87_ground_truth_gen_gemma4-26b_embed_anchor-on_2026-06-13_214041.json,eval/2026-05-31_06b_topk10,2026-06-13T21:40:41,RPC87_ground_truth.json,gemma4:26b,docs_rag_qwen3_06b,embed,10,20,117483,6761,178.5,339.4,False,0,eval/2026-05-31_06b/results_RPC87_ground_truth_gen_gemma4-26b_embed_anchor-on_2026-06-13_214041.json
eval/2026-05-31_06b_topk10/results_RPC87_ground_truth_gen_gemma4-26b_rrf_only_anchor-on_2026-06-13_224850.json,eval/2026-05-31_06b_topk10,2026-06-13T22:48:50,RPC87_ground_truth.json,gemma4:26b,docs_rag_qwen3_06b,rrf_only,10,20,117340,7027,177.1,325.7,False,0,eval/2026-05-31_06b/results_RPC87_ground_truth_gen_gemma4-26b_rrf_only_anchor-on_2026-06-13_224850.json
eval/2026-05-31_06b_topk10/results_RPC89_ground_truth_gen_gemma4-26b_cross_encoder_anchor-on_2026-06-13_212558.json,eval/2026-05-31_06b_topk10,2026-06-13T21:25:58,RPC89_ground_truth.json,gemma4:26b,docs_rag_qwen3_06b,cross_encoder,10,30,199075,11226,278.5,914.6,False,0,eval/2026-05-31_06b/results_RPC89_ground_truth_gen_gemma4-26b_cross_encoder_anchor-on_2026-06-13_212558.json
eval/2026-05-31_06b_topk10/results_RPC89_ground_truth_gen_gemma4-26b_embed_anchor-on_2026-06-13_185244.json,eval/2026-05-31_06b_topk10,2026-06-13T18:52:44,RPC89_ground_truth.json,gemma4:26b,docs_rag_qwen3_06b,embed,10,30,153613,10802,271.3,507.8,False,0,eval/2026-05-31_06b/results_RPC89_ground_truth_gen_gemma4-26b_embed_anchor-on_2026-06-13_185244.json
eval/2026-05-31_06b_topk10/results_RPC89_ground_truth_gen_gemma4-26b_rrf_only_anchor-on_2026-06-13_194633.json,eval/2026-05-31_06b_topk10,2026-06-13T19:46:33,RPC89_ground_truth.json,gemma4:26b,docs_rag_qwen3_06b,rrf_only,10,30,159730,11193,272.6,497.7,False,0,eval/2026-05-31_06b/results_RPC89_ground_truth_gen_gemma4-26b_rrf_only_anchor-on_2026-06-13_194633.json
eval/_descartados_parciales/results_PA178_ground_truth_gen_gemma4-26b_cross_encoder_anchor-on_2026-06-01_003709.json,eval/_descartados_parciales,2026-06-01T00:37:09,PA178_ground_truth.json,gemma4:26b,docs_rag_qwen3_06b,cross_encoder,5,10,61684,3814,112.1,324.9,False,0,
eval/_descartados_parciales/results_PA17_ground_truth_gen_gemma4-26b_cross_encoder_anchor-on_2026-05-19_175200.json,eval/_descartados_parciales,2026-05-19T17:52:00,PA17_ground_truth.json,gemma4:26b,docs_rag_qwen3,cross_encoder,5,3,13913,1320,28.2,78.0,False,0,
eval/_descartados_parciales/results_PA17_ground_truth_gen_gemma4-26b_embed_anchor-on_2026-05-19_174949.json,eval/_descartados_parciales,2026-05-19T17:49:49,PA17_ground_truth.json,gemma4:26b,docs_rag_qwen3,embed,5,3,12050,1390,28.7,54.2,False,0,
eval/_descartados_parciales/results_PA17_ground_truth_gen_gemma4-26b_rrf_only_anchor-on_2026-05-19_175042.json,eval/_descartados_parciales,2026-05-19T17:50:42,PA17_ground_truth.json,gemma4:26b,docs_rag_qwen3,rrf_only,5,3,12050,1317,28.5,51.7,False,0,
eval/_descartados_parciales/results_PA199_ground_truth_gen_gemma4-26b_rrf_only_anchor-on_2026-05-31_231617.json,eval/_descartados_parciales,2026-05-31T23:16:17,PA199_ground_truth.json,gemma4:26b,docs_rag_qwen3_06b,rrf_only,5,27,110367,10367,246.5,457.8,False,0,
eval/_descartados_parciales/results_PA26_ground_truth_gen_gemma4-26b_cross_encoder_anchor-on_2026-06-01_013056.json,eval/_descartados_parciales,2026-06-01T01:30:56,PA26_ground_truth.json,gemma4:26b,docs_rag_qwen3_06b,cross_encoder,5,16,89495,4178,141.0,434.3,False,0,
eval/_descartados_parciales/results_PC08_ground_truth_gen_gemma4-26b_cross_encoder_anchor-on_2026-06-01_014225.json,eval/_descartados_parciales,2026-06-01T01:42:25,PC08_ground_truth.json,gemma4:26b,docs_rag_qwen3_06b,cross_encoder,5,21,111873,9746,219.6,649.6,False,0,
eval/_descartados_parciales/results_PC73_ground_truth_gen_gemma4-26b_rrf_only_anchor-on_2026-05-31_235252.json,eval/_descartados_parciales,2026-05-31T23:52:52,PC73_ground_truth.json,gemma4:26b,docs_rag_qwen3_06b,rrf_only,5,27,102474,10189,259.3,467.8,False,0,
eval/_descartados_parciales/results_PE27_ground_truth_gen_gemma4-26b_rrf_only_anchor-on_2026-05-31_235933.json,eval/_descartados_parciales,2026-05-31T23:59:33,PE27_ground_truth.json,gemma4:26b,docs_rag_qwen3_06b,rrf_only,5,28,143992,10633,218.8,390.7,False,0,
eval/_descartados_parciales/results_PO108_ground_truth_gen_gemma4-26b_rrf_only_anchor-on_2026-06-01_000555.json,eval/_descartados_parciales,2026-06-01T00:05:55,PO108_ground_truth.json,gemma4:26b,docs_rag_qwen3_06b,rrf_only,5,28,120378,9488,204.5,367.7,False,0,
eval/_descartados_parciales/results_RPC120_ground_truth_gen_gemma4-26b_rrf_only_anchor-on_2026-06-01_001009.json,eval/_descartados_parciales,2026-06-01T00:10:09,RPC120_ground_truth.json,gemma4:26b,docs_rag_qwen3_06b,rrf_only,5,18,103937,5971,139.2,248.0,False,0,
eval/_descartados_parciales/results_RPC87_ground_truth_gen_gemma4-26b_embed_anchor-on_2026-05-31_223630.json,eval/_descartados_parciales,2026-05-31T22:36:30,RPC87_ground_truth.json,gemma4:26b,docs_rag_qwen3_06b,embed,5,18,98505,6877,203.4,362.4,False,0,
eval/_descartados_parciales/results_RPC87_ground_truth_gen_gemma4-26b_rrf_only_anchor-on_2026-06-01_001443.json,eval/_descartados_parciales,2026-06-01T00:14:43,RPC87_ground_truth.json,gemma4:26b,docs_rag_qwen3_06b,rrf_only,5,19,105147,7238,150.3,268.3,False,0,
eval/crossencoder/results_PA178_ground_truth_gen_gemma4-26b_2026-04-28_165426.json,eval/crossencoder,2026-04-28T16:54:26,PA178_ground_truth.json,gemma4:26b,docs_rag_qwen3,cross_encoder,5,26,239393,10107,260.8,866.3,False,0,
eval/crossencoder/results_PA195_ground_truth_gen_gemma4-26b_2026-04-29_094818.json,eval/crossencoder,2026-04-29T09:48:18,PA195_ground_truth.json,gemma4:26b,docs_rag_qwen3,cross_encoder,5,30,172313,13806,311.4,931.6,False,0,
eval/crossencoder/results_PA199_ground_truth_gen_gemma4-26b_2026-04-29_100211.json,eval/crossencoder,2026-04-29T10:02:11,PA199_ground_truth.json,gemma4:26b,docs_rag_qwen3,cross_encoder,5,28,153153,10765,251.9,833.7,False,0,
eval/crossencoder/results_PA201_ground_truth_gen_gemma4-26b_2026-04-29_101139.json,eval/crossencoder,2026-04-29T10:11:39,PA201_ground_truth.json,gemma4:26b,docs_rag_qwen3,cross_encoder,5,18,105315,9613,201.6,567.6,False,0,
eval/crossencoder/results_PC08_ground_truth_gen_gemma4-26b_2026-04-29_102646.json,eval/crossencoder,2026-04-29T10:26:46,PC08_ground_truth.json,gemma4:26b,docs_rag_qwen3,cross_encoder,5,29,175103,14410,296.0,907.1,False,0,
eval/crossencoder/results_PC67_ground_truth_gen_gemma4-26b_2026-04-28_153851.json,eval/crossencoder,2026-04-28T15:38:51,PC67_ground_truth.json,gemma4:26b,docs_rag_qwen3,cross_encoder,5,30,186557,11386,284.3,910.3,False,0,
eval/crossencoder/results_PC73_ground_truth_gen_gemma4-26b_2026-04-28_160001.json,eval/crossencoder,2026-04-28T16:00:01,PC73_ground_truth.json,gemma4:26b,docs_rag_qwen3,cross_encoder,5,30,158556,10258,273.2,880.9,False,0,
eval/crossencoder/results_PE27_ground_truth_gen_gemma4-26b_2026-04-28_161828.json,eval/crossencoder,2026-04-28T16:18:28,PE27_ground_truth.json,gemma4:26b,docs_rag_qwen3,cross_encoder,5,30,177075,11358,273.4,950.6,False,0,
eval/crossencoder/results_PO108_ground_truth_gen_gemma4-26b_2026-04-28_163701.json,eval/crossencoder,2026-04-28T16:37:01,PO108_ground_truth.json,gemma4:26b,docs_rag_qwen3,cross_encoder,5,30,164357,11876,277.6,868.2,False,0,
eval/crossencoder/results_RPC120_ground_truth_gen_gemma4-26b_2026-04-30_110205.json,eval/crossencoder,2026-04-30T11:02:05,RPC120_ground_truth.json,gemma4:26b,docs_rag_qwen3,cross_encoder,5,19,129446,5543,178.8,580.6,False,0,
eval/crossencoder/results_RPC87_ground_truth_gen_gemma4-26b_2026-04-30_105224.json,eval/crossencoder,2026-04-30T10:52:24,RPC87_ground_truth.json,gemma4:26b,docs_rag_qwen3,cross_encoder,5,20,175676,7907,200.5,696.7,False,0,
eval/embed/results_PA178_ground_truth_2026-04-28_130958.json,eval/embed,2026-04-28T13:09:58,PA178_ground_truth.json,,docs_rag_qwen3,cross_encoder,5,26,0,0,0.0,472.4,False,0,
eval/embed/results_PA178_ground_truth_gen_gemma4-26b.json,eval/embed,2026-04-28T09:59:12,PA178_ground_truth.json,gemma4:26b,docs_rag_qwen3,embed,5,26,178588,9191,240.6,475.1,False,0,
eval/embed/results_PA178_ground_truth_gen_gemma4-26b_2026-04-28_102208-embed.json,eval/embed,2026-04-28T10:22:08,PA178_ground_truth.json,gemma4:26b,docs_rag_qwen3,embed,5,26,189733,9289,245.2,477.3,False,0,
eval/embed/results_PA195_ground_truth_2026-04-28_133258.json,eval/embed,2026-04-28T13:32:58,PA195_ground_truth.json,,docs_rag_qwen3,cross_encoder,5,30,0,0,0.0,491.4,False,0,
eval/embed/results_PA195_ground_truth_gen_gemma4-26b_old.json,eval/embed,,PA195_ground_truth.json,gemma4:26b,docs_rag_qwen3,embed,5,30,131722,11978,277.6,541.1,False,0,
eval/embed/results_PA199_ground_truth_gen_gemma4-26b.json,eval/embed,,PA199_ground_truth.json,gemma4:26b,docs_rag_qwen3,embed,5,28,149113,9904,252.5,495.8,False,0,
eval/embed/results_PA201_ground_truth_gen_gemma4-26b_2026-04-29_114646.json,eval/embed,2026-04-29T11:46:46,PA201_ground_truth.json,gemma4:26b,docs_rag_qwen3,embed,5,18,93078,8756,179.2,338.8,False,0,
eval/embed/results_PC08_ground_truth_gen_gemma4-26b.json,eval/embed,,PC08_ground_truth.json,gemma4:26b,docs_rag_qwen3,embed,5,29,131734,14317,288.7,542.4,False,0,
eval/embed/results_PC67_ground_truth_gen_gemma4-26b.json,eval/embed,,PC67_ground_truth.json,gemma4:26b,docs_rag_qwen3,embed,5,30,134428,11715,275.2,534.6,False,0,
eval/embed/results_PC73_ground_truth_gen_gemma4-26b.json,eval/embed,,PC73_ground_truth.json,gemma4:26b,docs_rag_qwen3,embed,5,29,118972,10202,257.2,503.0,False,0,
eval/embed/results_PE27_ground_truth_gen_gemma4-26b.json,eval/embed,,PE27_ground_truth.json,gemma4:26b,docs_rag_qwen3,embed,5,30,138674,11902,274.2,539.3,False,0,
eval/embed/results_PO108_ground_truth_gen_gemma4-26b.json,eval/embed,,PO108_ground_truth.json,gemma4:26b,docs_rag_qwen3,embed,5,30,129376,11168,270.2,525.9,False,0,
eval/embed/results_RPC120_ground_truth_gen_gemma4-26b_2026-04-30_104047.json,eval/embed,2026-04-30T10:40:47,RPC120_ground_truth.json,gemma4:26b,docs_rag_qwen3,embed,5,9,37352,2433,74.4,152.4,False,0,
eval/embed/results_RPC87_ground_truth_gen_gemma4-26b_2026-04-30_103743.json,eval/embed,2026-04-30T10:37:43,RPC87_ground_truth.json,gemma4:26b,docs_rag_qwen3,embed,5,19,149652,7209,201.1,384.0,False,0,
eval/global/_baseline_backup/results_GLOBAL_ground_truth_gen_gemma4-26b_cross_encoder_anchor-on_2026-06-16_190756.json,eval/global/_baseline_backup,2026-06-16T19:07:56,GLOBAL_ground_truth.json,gemma4:26b,docs_rag_qwen3,cross_encoder,5,110,673128,35444,970.3,3301.2,False,0,
eval/global/_baseline_backup/results_GLOBAL_ground_truth_gen_gemma4-26b_embed_anchor-on_2026-06-16_174247.json,eval/global/_baseline_backup,2026-06-16T17:42:47,GLOBAL_ground_truth.json,gemma4:26b,docs_rag_qwen3,embed,5,110,495492,33130,933.4,1927.0,False,0,
eval/global/_baseline_backup/results_GLOBAL_ground_truth_gen_gemma4-26b_rrf_only_anchor-on_2026-06-16_181239.json,eval/global/_baseline_backup,2026-06-16T18:12:39,GLOBAL_ground_truth.json,gemma4:26b,docs_rag_qwen3,rrf_only,5,110,488286,31829,917.9,1775.9,False,0,
eval/global/results_GLOBAL_ground_truth_gen_gemma4-26b_cross_encoder_anchor-on_2026-06-16_190756.json,eval/global,2026-06-16T19:07:56,GLOBAL_ground_truth.json,gemma4:26b,docs_rag_qwen3,cross_encoder,5,110,656633,37904,986.3,3352.6,False,0,
eval/global/results_GLOBAL_ground_truth_gen_gemma4-26b_embed_anchor-on_2026-06-16_174247.json,eval/global,2026-06-16T17:42:47,GLOBAL_ground_truth.json,gemma4:26b,docs_rag_qwen3,embed,5,110,497822,34288,942.6,1935.7,False,0,
eval/global/results_GLOBAL_ground_truth_gen_gemma4-26b_rrf_only_anchor-on_2026-06-16_181239.json,eval/global,2026-06-16T18:12:39,GLOBAL_ground_truth.json,gemma4:26b,docs_rag_qwen3,rrf_only,5,110,493938,32464,922.1,1777.6,False,0,
eval/global_06b_topk10/results_GLOBAL_ground_truth_gen_gemma4-26b_cross_encoder_anchor-on_2026-08-07_133256.json,eval/global_06b_topk10,2026-08-07T13:32:56,GLOBAL_ground_truth.json,gemma4:26b,docs_rag_qwen3_06b,cross_encoder,10,110,1210546,34321,1088.6,4322.0,True,214,
eval/global_06b_topk10/results_GLOBAL_ground_truth_gen_gemma4-26b_embed_anchor-on_2026-08-07_141311.json,eval/global_06b_topk10,2026-08-07T14:13:11,GLOBAL_ground_truth.json,gemma4:26b,docs_rag_qwen3_06b,embed,10,110,951778,35138,1059.2,2403.5,True,111,
eval/global_06b_topk10/results_GLOBAL_ground_truth_gen_gemma4-26b_rrf_only_anchor-on_2026-08-07_145202.json,eval/global_06b_topk10,2026-08-07T14:52:02,GLOBAL_ground_truth.json,gemma4:26b,docs_rag_qwen3_06b,rrf_only,10,110,992903,34485,1071.3,2321.0,False,1,
eval/global_topk10/results_GLOBAL_ground_truth_gen_gemma4-26b_cross_encoder_anchor-on_2026-06-16_190756.json,eval/global_topk10,2026-06-16T19:07:56,GLOBAL_ground_truth.json,gemma4:26b,docs_rag_qwen3,cross_encoder,10,110,656633,37904,986.3,3352.6,False,0,eval/global/results_GLOBAL_ground_truth_gen_gemma4-26b_cross_encoder_anchor-on_2026-06-16_190756.json
eval/global_topk10/results_GLOBAL_ground_truth_gen_gemma4-26b_embed_anchor-on_2026-06-16_174247.json,eval/global_topk10,2026-06-16T17:42:47,GLOBAL_ground_truth.json,gemma4:26b,docs_rag_qwen3,embed,10,110,497822,34288,942.6,1935.7,False,0,eval/global/results_GLOBAL_ground_truth_gen_gemma4-26b_embed_anchor-on_2026-06-16_174247.json
eval/global_topk10/results_GLOBAL_ground_truth_gen_gemma4-26b_rrf_only_anchor-on_2026-06-16_181239.json,eval/global_topk10,2026-06-16T18:12:39,GLOBAL_ground_truth.json,gemma4:26b,docs_rag_qwen3,rrf_only,10,110,493938,32464,922.1,1777.6,False,0,eval/global/results_GLOBAL_ground_truth_gen_gemma4-26b_rrf_only_anchor-on_2026-06-16_181239.json
eval/global_v2/results__misses_gt_embed_anchor-on_2026-06-17_102335.json,eval/global_v2,2026-06-17T10:23:35,_misses_gt.json,,docs_rag_qwen3,embed,5,23,0,0,0.0,222.3,False,0,
eval/global_v2/results__misses_gt_gen_gemma4-26b_cross_encoder_anchor-on_2026-06-17_104822.json,eval/global_v2,2026-06-17T10:48:22,_misses_gt.json,gemma4:26b,docs_rag_qwen3,cross_encoder,5,23,194235,8878,220.8,732.4,False,0,
eval/global_v2/results__misses_gt_gen_gemma4-26b_embed_anchor-on_2026-06-17_103105.json,eval/global_v2,2026-06-17T10:31:05,_misses_gt.json,gemma4:26b,docs_rag_qwen3,embed,5,20,75546,6565,172.6,346.7,False,0,
eval/global_v2/results__misses_gt_gen_gemma4-26b_rrf_only_anchor-on_2026-06-17_103607.json,eval/global_v2,2026-06-17T10:36:07,_misses_gt.json,gemma4:26b,docs_rag_qwen3,rrf_only,5,20,72004,4687,154.8,296.1,False,0,
